title,description,referenceIdentifier,rights,subjectCategory,url
이태리 오리지널 뮤지컬 <일 삐노끼오>,"[<a href=""http://www.sac.or.kr/bannerPage.jsp?htmlURL=/lab2009/pinocchio/index.html""><u>이태리 오리지널 뮤지컬 <일 삐노끼오> 홈페이지 바로가기</u></a>]

					“소프라노 조수미가 극찬한 국내 최초 이태리 오리지널 뮤지컬”

<’삐노끼오’원작 스토리에 충실, 이태리 특유의 감각으로 표현>

뮤지컬 ‘일 삐노끼오’는 지금까지 국내에 소개되었던 뮤지컬들과 차별화된 오페라 뮤지컬로, 세계적 작가인 C. 클로디의 원작 ‘삐노끼오’의 스토리를 전 극에 걸쳐 표현하고 있으며, 이태리 특유의 느낌이 돋보이는 음악과 감각적인 무대 구성으로 기존의 뮤지컬 마니아 외에 오페라 마니아
까지 만족시키는 작품이다. 

2003년 밀라노(이태리) 초연 이후, 이태리 전역 22개 도시와 스페인 등 유럽 지역에 공연되어 
수많은 관객들에게 호평 받은 바 있으며 특히 세계적으로 사랑 받고 있는 소프라노 조수미가 
극찬하고 국내 공연을 추천한 작품으로 알려져 있다.

<‘일 삐노끼오’ 환상적 모험, 문화 다양성, 창조성, 그리고 대중성>

뮤지컬 ‘일 삐노끼오’는 C. 클로디의 원작인 삐노끼오의 환상적 어드벤쳐 스토리를 통하여 우리 모두의 마음속에 감추고 있는 판타지 세계로의 모험, 그 유혹을 경험하게 한다.

뮤지컬의 세계화 추세에 발 맞추어 다양한 유럽 뮤지컬들이 국내에 선보여지는 가운데 뮤지컬 
‘일 삐노끼오’는 이러한 시장의 요구와 관객들의 수준을 반영하여 우리에게 창조적 인간의 전형인 다빈치와 수제 명품으로 친근한 이태리 문화의 진 면목을 보여 주는 이태리 명품 뮤지컬로 자리잡을 것이다. 

뮤지컬의 “감동”은 그 주제의 창조적인 표현으로 다가온다. 섬세한 무대 디자인과 비비드 컬러의 의상, 세심한 메이크업, 풍성한 장면 전환으로 이루어진 뮤지컬 ‘일 삐노끼오’는, 오랫동안 이태리 특유의 감수성을 표현해온 영화 감독 사베리오 마르코니의 손길을 거쳐 면면이 그의 상상력을 극대화시키고 있다.

뮤지컬의 성공은 작품 자체의 완성도와 관객의 반응을 통하여 평가된다. 연령과 성별, 지역을 
초월하여 잔잔한 감동을 선사하게 될 뮤지컬 ‘일 삐노끼오’! 그 감동은 바쁘고 메마른 우리의 
하루 일상에 신선한 파장을 일으킬 것이다.

					<!--<일 삐노끼오>환상적 모험, 문화 다양성, 창조성, 그리고 대중성
뮤지컬 <일 삐노끼오>는 C. 클로디의 원작인 삐노끼오의 환상적 어드벤쳐 스토리를 통하여 우리 모두의 마음속에 감추고 있는 판타지 세계로의 모험, 그 유혹을 경험하게 한다.

뮤지컬의 세계화 추세에 발 맞추어 다양한 유럽 뮤지컬들이 국내에 선보여지는 가운데 뮤지컬 <일 삐노끼오>는 이러한 시장의 요구와 관객들의 수준을 반영하여 우리에게 창조적 인간의 전형인 다빈치와 수제 명품으로 친근한 이태리 문화의 진 면목을 보여 주는 이태리 명품 뮤지컬로 자리잡을 것이다. 

뮤지컬의 “감동”은 그 주제의 창조적인 표현으로 다가온다. 섬세한 무대 디자인과 비비드 컬러의 의상, 세심한 메이크업, 풍성한 장면 전환으로 이루어진 뮤지컬 <일 삐노끼오는>, 오랜 동안 이태리 특유의 감수성을 표현해온 영화 감독 사베리오 마르코니의 손길을 거쳐 면면이 그의 상상력을 극대화시키고 있다.

뮤지컬의 성공은 작품 자체의 완성도와 관객의 반응을 통하여 평가된다. 연령과 성별, 지역을 초월하여 잔잔한 감동을 선사하게 될 뮤지컬 <일 삐노끼오>! 그 감동은 바쁘고 메마른 우리의 하루 일상에 신선한 파장을 일으킬 것이다 -->",http://www.sacticket.co.kr/webhome/upload/prog_13406_1.jpg,"㈜SBS, 중앙일보, SMI엔터테인먼트㈜",뮤지컬,http://www.sac.or.kr/program/schedule/view.jsp?seq=13406&s_date=20090807
뮤지컬 `토요일 밤의 열기`,"< 시놉시스 >

브룩클린에 사는 토니는 페인트 가게에서 아르바이트를 하는 스무살의 평범한 청년이다. 아버지는 실직 중이고 집안의 관심은 목사인 형에게 쏠려 있다. 하지만 토요일 밤 디스코테크 2003 오딧세이에서  그는 결코 평범하지 않다. 머리에 무스를 바르고 셔츠 단추 2개를 풀어헤친 채 무대를 누비는 그는 부러울 것이 없다. 모든 여자들이 그에게 말을 붙이고 싶어하고 그의 파트너가 되고 싶어한다. 토니에게는 시시껄렁한 친구들이 있다. 건달끼가 다분한 친구들은 맥주를 마시고 춤을 추다 괜찮은 여자를 꼬셔서 하루를  즐기고 싶다는 생각이 전부다. 

 토니는 자신의 댄스 파트너인 아네트와 멋진 춤을 선보이고, DJ인 몬티가 곧 있을 댄스 경연대회에 나가라고 제안한다. 아네트 역시 함께 참가하자고 부추긴다. 그녀는 댄스 경연대회에 나가는 것보다 토니와 함께 있을 수 있다는 데 더 관심이 많다. 하지만 이미 토니의 시선은 무대에서 세련되고 섹시한 춤을 추고 있는 스테파니를  쫓고 있었다. 토니는 스튜디오에서 스테파니를 만나 함께 춤을 춘다. 둘은 처음이라고는 믿을 수 없을 정도로 호흡이 잘 맞는다. 마치 하나의 영혼을 가진 두 사람이 말 없이도 통할 수 있는 교감을 하듯 둘의 춤은 환상 자체다. 
토니와 스테파니는 자신들이 서로에게 가장 최고의 파트너라는 걸 느낀다. 토니는 스테파니를 댄스 경연대회 파트너로  결정한다. 토니는 그녀와 춤을 추면서 느꼈던 감정을 이야기하고 서로에게 좀더 가깝게 다가가고 싶어한다. 하지만 스테파니는 춤 이외의 것은 사양한다. 맨하튼의 상류사회를 동경하는 그녀에게 미래가 불투명한 토니는 자신의 상대가 아니었던 것이다. 토니가 아네트에게 파트너를 바꿨다고 하자 아네트는 더욱 토니에게 집착한다. 한편 토니의 친구 바비는 고민이 있지만 들어줄 사람이 없다. 모든 사람들이 선망하는 친구인 토니에게 상의하고 싶었지만 토니는 자신의 문제를 고민하기에도 바쁘다. 

마침내 댄스 경연대회. 스테파니와 파트너가 된 토니는 모든 사람들이 놀랄 만한 춤을 보여준다. 
하지만 푸에르토리코 커플은 토미 커플보다도 더 환상적인 춤을 선보인다. 그러나 이방인인 푸에르토리코 
사람들에게 우승컵을 안겨주진 않는다. 결국 토니 커플이 우승을 하게 되지만 자신이 졌다는 것을 너무도 잘 
아는 토니는 우승컵을 그들에게 넘겨준다. 아네트는 거듭 토니에게 거절당하자 극단적으로 자신을 포기하려 든다. 토니는 이런 아네트를 위로하는데 어느새 바비가 위험스럽게 다리 위에 올라가 있다. 혼란스럽고 불확실한 젊음! 주위 사람들은 물론 자신조차 무엇을 해야 할지 몰랐던 토니는 바비의 자살로 충격을 받고 새로운 미래로 뛰어들기 위해 브룩클린을 벗어나기로 결심한다.",http://www.sacticket.co.kr/webhome/upload/prog_9101_1.jpg,돌꽃컴퍼니,뮤지컬,http://www.sac.or.kr/program/schedule/view.jsp?seq=9101&s_date=20040717
뮤지컬 명성황후 10주년 기념,"[<a href=""http://www.thelastempress.com/"" target=""_blank""><u>뮤지컬 '명성황후' 홈페이지 바로가기</u></a>]			

월요일 공연없음 / 단, 2월 21일(월) 공연있음


★ 1995년 시해 100주년, 명성황후 뮤지컬로 부활!
★ 10년간 총 130명의 스텝, 240명의 배우가 모여 이루어낸 마스터피스!
★ 600벌의 궁중의상과 역동적인 이중회전무대, 신이 내린 빛의 완벽한 조화!
★ 동양 최초의 브로드웨이와 웨스트엔드 진출, 6차례의 해외 공연!
★  LA 오베이션 어워드 3개 부문 노미네이트, 각종 뮤지컬상 수상!
★ 580회의 공연, 77만명의 관람객! 관객과 함께한 뮤지컬 <명성황후>",http://www.sacticket.co.kr/webhome/upload/prog_9122_1.jpg,예술의전당 / 에이콤 / CJ 엔터테인먼트,뮤지컬,http://www.sac.or.kr/program/schedule/view.jsp?seq=9122&s_date=20050204
가족뮤지컬 `크리스마스 캐롤`,"구두쇠 스크루지가 크리스마스 이브에 세 명의 유령을 만나 자신의 과거, 현재, 미래를 여행하면서 진정한 삶이 무엇인지를 깨닫고 가족의 화합과 사랑을 찾게 된다는 가족 뮤지컬. 

온 세상 사람들이 사랑을 주고받으며 행복해하는 크리스마스는 탐욕스러운 스크루지에게 빌려준 돈을 긁어모으는 수금 날에 불과하다. 크리스마스날 만큼은 쉬지 않을까 기대를 해보는 봅 앞에서 모금함을 들고 온 교인들까지도 쫓아버리는 지독한 스크루지, 조카인 프레드는 삼촌 스크루지에게 크리스마스를 함께 하자고 청하지만 그 반응은 냉담하기만 하는데.....",http://www.sacticket.co.kr/webhome/upload/prog_9220_1.jpg,서울예술단,뮤지컬,http://www.sac.or.kr/program/schedule/view.jsp?seq=9220&s_date=20041223
뮤지컬 `바람의 나라`,"[<a href=""http://www.sac.or.kr/bannerPage.jsp?htmlURL=/lab2009/09_wind/index.html""><u>뮤지컬 '바람의 나라' 홈페이지 바로가기</u></a>]

<시놉시스>

1막
고구려 3대 대무신왕 원년.
무휼은 실종된 누나 세류를 찾아 명림 계곡으로 들어간다.
명림은 선대인 유리왕 대에 역모로 의심받아 아비의 명에 의해 자살한 해명태자를 따르던 사람들이 같은 이유로 숱하게 몰려 죽은 곳.
이곳에서 그는 해명태자의 연인이며 그의 남은 군사를 이끌고 있는 새타니 혜압을 만난다.
해명태자의 의지와 억울하게 죽은 자들의 원혼이 함께 뭉친 명림에서 과거와 현재가 뒤섞이며 한판 굿이 벌어지고 무휼은 해명의 군사를 얻게 된다.

  또한 백호인 괴유는 자기에게 주어진 영원한 생명을 포기하고 왕으로 모실 그(무휼)를 찾아오고, 적곡의 마로가 그에게 충성을 맹세한다. 이윽고 무휼을 수호하는 사신들이 그를 둘러싸며, 고구려의 군사들도 고구려의 꿈인 부도로 그와 함께 가기를 원한다.

  한편, 왕의 나이가 어림을 빌미로 왕권을 좌지우지하고자 음모를 꾸민 구신들은 왕에게 군사를 빌려주는 대신 자기들이 내세우는 여인과 정략결혼을 할 것을 요구한다. 
  무휼은 그들의 뜻에 동조하는 척하나, 힘을 얻자마자 그들을 숙청하여 정치적으로 강력한 힘을 키운다.

오로지 왕비자리만을 노리고 들어온 이지는 그만 첫눈에 그를 사랑하게 되나, 그의 마음속에 그녀는 정략의 대상일 뿐, 사랑으로도 왕비로도 들어갈 자리가 없다.
그리고 무휼의 태자시절, 궁에 침입한 부여의 자객으로부터 아들을 구하려다 살해당한 무휼의 첫사랑인 태자비 연의 아들 호동이 점점 자라간다.

2막
호동이 자라면서 그의 신수인 봉황과 아버지의 신수인 청룡이 서로 상극임이 드러나고, 부자간에 충돌을 예견하는 살이 끼어있음이 나타난다. 
무휼은 부자간의 살을 없애기 위해 호동의 신수를 활로 쏘지만 실패한다. 

어린 시절, 고구려가 신생한 약한 나라로서 부여의 무시와 한나라에게 멸시를 받는 것을 보고 자란 무휼은 강력한 대제국 고구려를 꿈꾸며 영토적 정복에 의한 이념(부도)을 택했었다.
그리하여 대무신왕 4년. 
무휼은 괴유를 상장군으로 앞장세워 부여와의 전쟁을 개시, 부여의 왕 대소를 죽이게 되나 워낙 강력했던 그들의 힘에 밀려 결국 패퇴한다. 
패배와 자신의 존재에 대해 회의를 느끼는 그를 잡아준 것은 그를 믿고 따르는 군사들과 백성들. 그는 패했지만 그 전장에서 왕으로서의 의지와 입지를 강력히 굳힌다.

호동은 아버지를 이해하고 사랑하며 닮고 싶어 하지만 결국, 그가 원하는 것은 아버지의 이상인 정복적이고 현실적인 후천적인 부도가 아니라, 평화를 갈망하는 선천적이며 이상적인 부도. 
호동의 이상이 점점 더 확연해 질수록 무휼은 호동의 온건함과 유약함에 실망하고 호동은 전쟁을 불사하는 아버지의 뜻에 반대하는 자신을 깨닫는다. 
그렇게, 약한 나라에서 강한 나라로 성장하기 위한 무휼의 전쟁은 끝이 없고, 돌아보지 않는 왕에 대한 왕비 이지의 애증도 극한에 달하여, 아버지가 아들을 죽이는 비극이 다시 싹 트게 된다.",http://www.sacticket.co.kr/webhome/upload/prog_13422_1.jpg,(재)서울예술단,뮤지컬,http://www.sac.or.kr/program/schedule/view.jsp?seq=13422&s_date=20090610
뮤지컬 `퀴즈쇼`,"[<a href=""http://www.sac.or.kr/bannerPage.jsp?htmlURL=/lab2009/09_quizshow/index.html""><u>뮤지컬 '퀴즈쇼' 홈페이지 바로가기</u></a>]

					<공연소개>
* 현대를 살아가는 젊은이의 초상 뮤지컬 <퀴즈쇼>
뮤지컬 <퀴즈쇼>는 <나는 나를 파괴할 권리가 있다><오빠가 돌아왔다> 등의 베스트셀러 작가 김영하의 동명 장편소설이 원작이다. 
컴퓨터에 익숙하고 온라인 상에서의 만남과 사랑이 가능하다는 것을 경험한 네트워크 세대의 성장담이자 연애담을 표방한 소설 ‘퀴즈쇼’는, 각박한 도시 생활 속 젊은이의 초상을 리얼하게 그리며, 같은 세대라면 누구나 공감할만한 탁월한 심리묘사와 흥미 넘치는 전개로 젊은 독자들에게 큰 반향을 불러일으켰다. 
뮤지컬 <퀴즈쇼>는 우리 젊은이의 대표주자 이민수를 주인공으로 하고 있다. 
오늘을 살아가는 스물 여덟 젊은이 이민수, 그의 청춘은 질문들로 가득하다. ‘철이 없는’ 혹은 ‘속물이 아닌(아니려고 노력하는)’ 민수는 느닷없이 세상에 던져져 여러가지 사회 경험을 하게되고 회사에도 들어가지만 그의 원하는 것이 무엇인지 찾을 수 없다. 그는 결국 어디에서 자신의 꿈이 무엇인지, 어떻게 살아야할지 알게 될 것인가? 

* 새로운 뮤지컬을 꿈꾸는 <퀴즈쇼>
뮤지컬 ‘퀴즈쇼’는 새로운 뮤지컬을 꿈꾸고 있다. 
한국의 중소극장 창작 뮤지컬의 대세인 로맨틱 코미디를 탈피한 새로운 장르의 뮤지컬
-	이제 로맨틱 코미디가 아니어도 관객들에게 어필할 수 있는 새로운 창작뮤지컬이 필요한 때다. 실험정신이 가득하고, 깊이있는 이야기가 있으며, 복잡다단한 사회의 면모들을 담아낼 수 있는 뮤지컬에 목마른 이때, 뮤지컬 <퀴즈쇼>가 그런 목마름을 채워 줄 것이다.   
한국의 젊은 관객들이 공감할 수 있는 그들의 이야기와 감성을 담은 뮤지컬 
-	자의든 타의든 88만원 세대, 캥거루 족이라 불리우는 젊지만 고된 2,30대, 그렇지만 젊음이 있기에 희망을 꿈꿀 수 있는 그들의 생활과 고민을 담은 뮤지컬
-	젊은이들에게 익숙한 인터넷 공간이 중요 테마이자 배경인 뮤지컬: 어떤 종류의 ‘쓰레기’일 수도 있지만, 주인공 민수와 우리가 딛고 서있는, 우리를 낳은 토대이며 동시에 앞으로 주인공과우리가 살아갈 터전이기도 한 인터넷 공간
그리고 그 표현방식에서조차 감각적이고 창의적이고, 무엇보다도 자유로운 뮤지컬
무대 - 익숙한 서울의 공간, 그렇지만 그 표현은 도식화되고 생략적인 무대
- 환상의 퀴즈쇼의 공간, 그렇지만 그 표현은 철학적이고 함축적인 무대
-  “어떤 것은 으레 그 모습을 하고 있을 것이다” 는 고정관념을 깨뜨리는 무대  
음악 &#8211; 일상생활속의 말과 단어가 어떻게 불리워지고 노래되고 싶은지를 표현하는 음표들
- 단순한 이지 리스닝의 음악이 아닌 등장인물의 개성과 심리를 나타내주며 드라마 구조를 탄탄히 받쳐줄수 있는 음악 
- 청춘, 회사, 사랑 이런 테마들이 마치 하나의 사회처럼 얽히고설켜 노래 넘버들을 완성해내고, 장을 완성하고, 막을 완성하는 유기적인 음악

<줄거리>
대학원생 민수는 무명 여배우였던 멋쟁이 외할머니가 자신을 키워준 유일한 가족이다.
민수의 삶은 외할머니의 죽음으로 완전 뒤바뀌는데, 풍족한 줄 알았던 외할머니가 모두 빚으로 생활해 왔던 것을 알게 되고 할머니의 죽음 후 남은 것은 빚쟁이들의 독촉뿐. 빚 대신 살던 집을 넘겨주고 민수는 고시원에 입소한다. 
앞날이 막막하기만 한 민수는 편의점 아르바이트를 시작하는데 여기서도 쓰레기 같은 손님들, 깐깐한 사장과 씨름하며 하루하루를 보낸다. 
민수는 취업 인터뷰에서 매번 낙방하며 배경의 중요성을 절감한다. 현실을 벗어나고 싶어 들어간 인터넷 퀴즈방에서 민수는 두각을 나타내고 금방 그 안에 빠져든다. 그리고 퀴즈방 안에서 만난 “벽 속의 요정”이라는 아이디의 지원과 교감을 하며 서로 호감을 갖게 된다. 
한편 민수를 지켜보던 묘령의 남자 이춘성은 민수에게 “퀴즈만 잘 풀면 부와 명예가 주어지는 회사”가 있다며 명함을 내미나 민수는 대수롭지 않게 여긴다.
민수는 지원과의 교감 후 서로를 향한 마음이 커져간다. 데이트 비용이 없던 민수는 고시원 옆방 처녀 수희에게 돈을 빌리면서까지 지원과의 만남을 지속하고, 지원과 민수가 사랑을 꽃피우는 동안 수희는 쓸쓸하게 죽음을 맞이한다.  
편의점에서 실수를 범하고 사장과 크게 다툰 후 편의점을 그만두고 설상가상으로 고시원에서도 밀린 방세로 인해 쫓겨나게 되는 민수는 수희가 자살했다는 소식에 엄청난 충격을 겪는다.  
자괴감과 갈 곳 없고 돈도 없는 처지의 한심함이 극에 달하는 민수. 혼란스러워 하던 민수는 주머니 속 이춘성의 명함을 발견하고 그에게 전화한다. 
이춘성을 따라 들어오게 된 퀴즈 회사, 과연 민수의 앞날에는 어떤 일들이 펼쳐질까? 민수의",http://www.sacticket.co.kr/webhome/upload/prog_13429_1.jpg,신시컴퍼니,뮤지컬,http://www.sac.or.kr/program/schedule/view.jsp?seq=13429&s_date=20091206
"JAZZ 뮤지컬 `sing, sing, sing(싱싱싱)`","“한 노래로 얽혀 있는 두 여자와 한 남자,
불발탄 같았던 이들의 사랑은 JAZZ에서 그 리듬을 타게 된다.”

재즈 클럽 ‘Listen to’ 오늘 밤, 오픈 5주년 축하공연이 열릴 예정이다. 하지만 갑자기 내린 비 때문에 주인공 찰리는 공연을 2시간 앞두고 펑크 낸다. 클럽 주인 이송은 안절부절못한다. 항상 주인공이 펑크 내는 바람에 대타를 구해야 하는 징크스가 있기 때문이다. 공연을 취소할 위기에 놓였을 때 유나가 클럽에 들어선다. 유나를 본 이송은 깜짝 놀란다. 고등학교 음악 선생님과 제자였던 사이였기 때문에 놀라움은 유나도 마찬가지다. 10년 만에 만난 두 사람이자만 기쁨도 잠시, 냉랭한 기운이 돈다. 천상의 목소리로 노래했던 그녀는 이제 노래하지 않는다. 자작곡을 선물할 만큼 그녀의 목소리를 사랑했기 때문에 지금 유나의 모습이 안타깝기만 하다. 이때 또 한명의 손님이자, 유나의 동생인 해나가 들어선다. 이송은 5주년 공연을 해나에게 부탁하게 되면서 세 사람의 얽힌 노래가 펼쳐지는데….",http://www.sacticket.co.kr/webhome/upload/prog_13814_1.jpg,서울뮤지컬컴퍼니,뮤지컬,http://www.sac.or.kr/program/schedule/view.jsp?seq=13814&s_date=20090407
"뮤지컬 `판소리, 애플그린을 먹다`","<공연소개>
판소리와 뮤지컬이 만나다!
거침없이 진화하는 신선한 국악뮤지컬 '판소리,애플그린을 먹다'
공연~다 거기서 거기, 뭐 색다른 공연 없을까?
‘국악’하면 접해보기도 전에 으레 도리질을 치는 게 일반적인 현상이다. 왜냐하면 ‘국악은 지루하고, 재미없고, 졸리기 때문’이다. 하지만, 여기 배꼽 빠지게 웃긴 국악이 있다! 타루는 2001년부터 줄기차게 ‘국악은 재미있는 것’을 온몸으로 실천해 온 국악뮤지컬 창작집단이다. 젊은 감수성으로 톡톡 튀는 아이디어가 일품인 타루가 만드는 21C 새로운 국악뮤지컬은 관객과 끊임없이 교감과 소통을 하며 함께 즐기는 시간을 만든다. 

천편일률적인 사랑이야기가 주를 이루는 한국 뮤지컬 시장에 2007년, 2008년 전주대사습 장원, 동아 콩쿠르 대상 수상자 등 우리의 전통예술로 무장된 젊은 국악인들이 펼치는 다른 공연 은 적잖은 파장을 일으킬 것이다. 또한 새로움을 갈망하는 뮤지컬 매니아들에게도 이색적인 경험을 선사할 것이다.   

<프로그램>  
&#65517; 엉뚱한 상상, 배꼽 빠지는 풍자! - [과자이야기] 
꽃게랑과 오감자의 운명적인 만남, 그러나 이루어질 수 없는 사랑! 로미오와 줄리엣을 패러디하여 육지과자와 바다과자의 비극적인 사랑을 그려낸 타루의 엉뚱한 과자이야기. 누구나 다 아는 스토리를 젊은 국악뮤지컬 양식으로 어떻게 풀어내는지, 타루의 엉뚱한 상상과 장면연출로 배꼽잡고 웃을 수 있는 한판 시원한 판 열음이다. 

&#65517; 당찬 소리꾼 ‘송희’의 꿈과 사랑이야기 - [23살 송희] 
[서편제]를 보고 ‘오정해’ 언니처럼 판소리를 하고 싶다했던 당찬 8살 송희!
15년의 세월이 흘러 당당한 소리꾼이 되어 있는 23살 송희는 오늘 자신의 이야기(?)를 싱싱한 소리로 들려준다. 손발 오그라드는 앙큼한 사랑이야기, 자아를 찾아가는 예쁜 송희의 소리를 들으러 함께 떠나봅시다!

&#65517; 희망고갈의 시대, 꿈과 희망을 다시 묻다 - [조선나이키] 
박광현 감독의 영화 『묻지마 패밀리』의 “내 나이키”를 타루 식으로 각색한 작품으로 70년대 나이키 신발을 갖고 싶어 하는 한 아이의 해프닝을 극화시킨 작품이다. 사람들은 누구나 꿈을 하나씩 가슴속에 품고 살지만, 현실의 벽에 부딪히게 되면 때로는 그 꿈을 버리기도 하고 그냥 잊고 살아가기도 한다. 그 꿈이 크건 작건 대단하건 대단하지 않건, 자신이 이루려는 무언가를 품고 살아가는 건 그 삶의 여정 자체만으로 행복한 일이다. 이것이 바로 타루가 이야기 하는 꿈! 극적인 전통 노래와 토속 민요의 신나는 리듬을 바탕으로 재치 있는 안무와 노래가 곁들여져 공연 내내 배꼽 빠지는 줄 모르는 작품이다.

<국악뮤지컬집단 타루, 유쾌한 실험의 결정판>

지난 십 여년 간 판소리와 국악의 현재화를 고민하고 실험해온 타루. 본 작품은 타루 초기 2003년 초에 처음 발표된 작품으로, 구성원 개개인의 창조적이고도 주체적인 에너지로 스스로 작가, 연출, 작곡, 배우를 겸하면서 탄생한 작품이다. 먹고 싶은 것도 많고 하고 싶은 것도 많았던 시절이었기에, 작품 또한 각양각색의 다양하고도 배꼽 빠질만한 재미있는 공연들이 나왔다. 그게 바로 '판소리, 애플그린을 먹다'이다. 
'판소리, 애플그린을 먹다'에는 “현재” 우리와 함께 살고 있는 “만인”을 위한 살아있는 국악, 판소리, 민요를 만들고자 하는 타루의 의지가 일관되게 흐르고 있음을 알 수 있을 것이다. 곧, 타루는 “현재”속에 “살아있는” 국악/판소리를 만들고자 하는 것이다. 

초연 이후 꾸준히 업그레이드 되어온 '판소리, 애플그린을 먹다'는 2009거창국제연극제 공식초청, 2009화성국제연극제 공식초청, 2009 ‘젊은국악연대 모여놀기 프로젝트 2’ 공연에 이어 예술의전당 자유소극장에서 관객들을 기다릴 예정이다. 또한 문화체육관광부 주최의 ‘꿈꾸는 문화열차’ 사업으로 전국 각지에서 공연을 펼치고 있으며 모 대기업의 후원을 받아 백령도, 울릉도 등의 도서지역 공연도 예정되어 있어 2009년은 전국에 걸쳐 ‘애플그린’ 열풍이 불 것이다.",http://www.sacticket.co.kr/webhome/upload/prog_14046_1.jpg,국악뮤지컬집단 타루,뮤지컬,http://www.sac.or.kr/program/schedule/view.jsp?seq=14046&s_date=20090806
뮤지컬 `로미오와 줄리엣`, ,http://www.sacticket.co.kr/webhome/upload/prog_14107_1.jpg,마스트엔터테인먼트,뮤지컬,http://www.sac.or.kr/program/schedule/view.jsp?seq=14107&s_date=20090630
뮤지컬 `일 삐노끼오`, ,http://www.sacticket.co.kr/webhome/upload/prog_14109_1.jpg,SMI엔터테인먼트㈜,뮤지컬,http://www.sac.or.kr/program/schedule/view.jsp?seq=14109&s_date=20090804
"뮤지컬 `판소리, 애플그린을 먹다`", ,http://www.sacticket.co.kr/webhome/upload/prog_14113_1.jpg,국악뮤지컬집단 타루,뮤지컬,http://www.sac.or.kr/program/schedule/view.jsp?seq=14113&s_date=20090804
뮤지컬 `언약의 여정`,"*10월2일(금):오후 3시,7시30분
*10월3일(토):오후 6시

<공연소개>
""지친 생활 속에 희망을 잃어가는 사람들에게 들려주는 소중한 이야기""
뮤지컬 '언약의 여정'은 이해할 수 없는 부모와 자식, 친구와의 갈등, 선생님과 학생의 끊없는 분쟁, 왕따 등 지금 현대를 살아가는 청소년들의 고민이 담긴 공연으로, 관객들은 그들의 대표하는 방황하는 청소년 ‘케린’과 함께 요셉의 이야기를 보며 자신의 소중함과 서로를 이해하는 법, 진정한 사랑을 깨닫게 될 것이다.

<줄거리>
미국 동부 보스턴의 명문 사립학교인 St. James School. 이 학교에 다니는 케린은 친구인 피터, 첸, 아놀드와 함께 멋진 밴드를 꿈꾸지만 그녀의 꿈을 이해하지 못하는 엄격한 아버지의 벽에 막혀 뒤틀린 인생을 살아간다. 케린의 아버지는 강도의 총에 맞아 걷지 못하는 몸이 된 이후 아내에게서 버림받게 되고 그로 인해 더욱더 케린을 자신의 틀 안에만 가두려고 한다. 
자신의 불만을 남을 괴롭히는 것으로 해소하려 하는 케린. 어느 날 안나를 괴롭히는 케린 앞을 헤더가 가로 막는다. 새로 이 학교에 부임한 음악교사 헤더는 케린에게 밴드의 꿈을 살려보라고 권한다. 헤더를 그저 잔소리 많은 선생으로 여기며 그녀의 충고를 무시하는 케린. 헤더는 그녀에게 성경 속의 요셉과 야곱의 이야기를 들려준다. 요셉의 삶을 통해 출구가 없을 것처럼 보이던 자신의 삶을 다시 돌아보게 된 케린. 그녀는 요셉의 이야기로부터 자신의 진정한 정체성을 깨닫기 시작한다. 케린은 차츰 자신의 삶이 지닌 고통으로부터 벗어나기 시작하려 하지만 같은 학교 친구이자 연인인 존의 순간적인 유혹에 빠져 마약을 흡입하게 되고 그 상태에서 존에게 강간을 당할 위기에 빠진다. 이 때 안나가 나타나게 되고 과거 존에게 강간을 당한 상처를 안고 있던 그녀는 케린을 구해주고 존에게 복수를 하려 하지만 미수에 그치고 결국 경찰의 총에 희생 된다. 
마약과 살인사건에 연루되어 감옥에 갇히게 된 케린은…",http://www.sacticket.co.kr/webhome/upload/prog_14316_1.jpg,R.W.C,뮤지컬,http://www.sac.or.kr/program/schedule/view.jsp?seq=14316&s_date=20090926
뮤지컬 `언약의 여정`, ,http://www.sacticket.co.kr/webhome/upload/prog_14476_1.jpg, ,뮤지컬,http://www.sac.or.kr/program/schedule/view.jsp?seq=14476&s_date=20090922
뮤지컬 `퀴즈쇼`, ,http://www.sacticket.co.kr/webhome/upload/prog_14481_1.jpg,신시컴퍼니,뮤지컬,http://www.sac.or.kr/program/schedule/view.jsp?seq=14481&s_date=20091129
뮤지컬 `행진! 와이키키 브라더스`,"뮤지컬 “와이키키 브라더스” 는 꿈을 이루지 못한 자들이 마지막 순간에 만나게 되는 희망을 무대 위에서  생동감 있게 펼친다. 학창시절에 누구나 한번씩 고민하고, 꿈꾸는 우리의 미래...어른이 되어서 현실의 벽에 부딪치며 겪게 되는 절망...그러나 한낱 작은 희망의 불씨를 바라보며 좌절하지 않는 끈기...                                                                                                                                                 이러한 우리의 시선과 우리의 이야기가 80년대의 열정이 담긴 음악과 90년대의 즐거움이 담긴 음악들로 2000년대 우리의 삶과 만나는 감동을 생생하게 표현한다.
				
# 뮤직 넘버 #
프롤로그 - 송골매 '세상만사'

1막 1장 - 레드 재플린 'Rock'n Roll'
1막 2장 - 김추자 '무인도'
1막 3장 
- The Village People 'YMCA'
- 송골매 '어쩌다 마주친 그대'
- Joan Jett 'I Love Rock'n Roll'
1막 4장 - Queen 'We will Rock You'
1막 5장 - 윤수일 '황홀한 고백'
1막 6장
- 조용필 '여행을 떠나요'
- 'Eles-tu'
- 인공위성 '울릉도 트위스트'
- 이광조 '뭉개구름'
- 신촌 블루스 '골목길'
1막 7장 - 김수철 '나도야 간다'
1막 8장 - 나를 사로잡은 너(창작곡)
1막 9장
- 옥슨80 '불놀이야'
- 조용필 '미지의 세계'

2막 1장 - 설운도 '사랑의 트위스트'
2막 2장 - 싸이 '새'
2막 3장 - 이민규 '아가씨'
2막 4장 - 내 마음속의 그대(창작곡)
2막 5장 - 한영애 '누구없소'
2막 6장 - 인순이 '밤이면 밤마다'
2막 7장
- 김종찬 '토요일은 밤이 좋아'
- 우순실 '잊혀지질 않아요'
2막 8장 - 마지막 기회(창작곡)
2막 9장 - 들국화 '사랑한 후에'
2막 10장 - 이자연 '찰랑찰랑'
2막 11장 
- 김흥국 '호랑나비'
- 들국화 '그것만이 내 세상'
2막 12장 - '내 마음속의 그대-1'(창작곡)",http://www.sacticket.co.kr/webhome/upload/prog_9241_1.jpg,서울뮤지컬컴퍼니,뮤지컬,http://www.sac.or.kr/program/schedule/view.jsp?seq=9241&s_date=20050423
뮤지컬 `오페라의 유령`,"[<a href=""http://www.musicalphantom.co.kr/"" target=""_blank""><u>뮤지컬 '오페라의 유령' 홈페이지 바로가기</u></a>]",http://www.sacticket.co.kr/webhome/upload/ ,예술의전당 / 설앤컴퍼니 / CJEntertainment,뮤지컬,http://www.sac.or.kr/program/schedule/view.jsp?seq=9243&s_date=20050610
뮤지컬 `로미오와 줄리엣`,"I. 2002년 초연, 2003년 앵콜 공연시, 객석점유율 97% !!!
II. 세계 최고의 스탭진과 함께, 최고의 뮤지컬을 만든다   
III. 한국뮤지컬대상 5개 부문에 빛나는 서울예술단의  명작시리즈

 베로나의 두 집안 몬테규 가와 캐플렛 가는 오랜 원한으로 서로 원수처럼 지내고 있다. 몬테규 집안의 로미오는 캐플렛 집안의 연회에 사촌 벤볼리오 친구 머큐쇼와 함께 참석, 캐플렛 집안의 외동딸 줄리엣과  첫눈에 서로 사랑하게 된다. 연회가 끝난 후 로미오는 줄리엣의 집에 다시 들어가, 줄리엣의 방 창문 아래서 자신을 향한 줄리엣의 사랑을 확인한다. 로미오는 다음날 로렌스 신부를 찾아가 결혼식을 부탁하고, 그날 밤 둘 만의 결혼식을 올린다. 로미오에게 기분이 상해 있던 줄리엣의 사촌 티볼트는 결혼식을 마치고 나오는 로미오에게 싸움을 걸고 로미오는 이를 피하지만 친구 머큐쇼가 티볼트에 의해 죽자 티볼트를 살해하게 된다. 

 한편 줄리엣의 집에서는  패리스 백작과 줄리엣의 결혼 날짜를 잡는다. 슬픔에 빠진 줄리엣은 로렌스 신부를 찾아가고, 신부는 고민한 끝에 줄리엣에게 42시간 동안 숨을 쉬지 않는 신비한 약을 주고, 캐플렛 가의 납골당에서 로미오와 만날 수 있는 계획을 세운다. 패리스 백작과의 결혼식 전날 줄리엣은 약을 먹고, 사람들은 줄리엣의 시체를 가족 납골당에 안치 시킨다. 그러는 사이 로미오의 하인이 이 소식을 로미오에게 알리지만, 로렌스 신부의 서신을 전달하러 간 존 신부는 전염병 때문에 되돌아 간다,  줄리엣의 죽음 소식에 , 삶의 의욕을 상실하고 독약을 준비한 로미오는, 줄리엣의 시체 옆에서 죽는다. 깨어난 줄리엣은  자신 옆에 죽어 있는 로미오를 보고 신부의 만류에도 불구, 로미오의 칼로 자신의 가슴을 찌른다.  두 젊은이의 아름다운 사랑으로 오랜 앙숙이었던 몬테규가와 캐플렛 가는 화해 한다.",http://www.sacticket.co.kr/webhome/upload/prog_9248_1.jpg,서울예술단,뮤지컬,http://www.sac.or.kr/program/schedule/view.jsp?seq=9248&s_date=20050517
뮤지컬 `내 마음의 풍금`, ,http://www.sacticket.co.kr/webhome/upload/prog_14585_1.jpg,쇼틱커뮤니케이션즈,뮤지컬,http://www.sac.or.kr/program/schedule/view.jsp?seq=14585&s_date=20100111
넌버벌 퍼포먼스 `비트`, ,http://www.sacticket.co.kr/webhome/upload/prog_14587_1.jpg,서울예술단,뮤지컬,http://www.sac.or.kr/program/schedule/view.jsp?seq=14587&s_date=20100322
뮤지컬 `내 마음의 풍금`,"[<a href=""http://www.sac.or.kr/bannerPage1.jsp?htmlURL=/lab2010/harmonium3/index.html""><u>'뮤지컬 내 마음의 풍금 시즌 3'' 홈페이지 바로가기</u></a>]

<b>* 1월 27일(수), 2월 5일(금), 2월 19일(금) 오후 3시, 8시 공연
* 2월 12일(금) 오후 8시 공연
* 2월 13일(토) ~ 14일(일) 오후 7시, 15일(월) 오후 3시, 7시 공연</b>

<줄거리>
“ 이번에 사범학교를 졸업하고 여러분 담임을 맡게 된 강동수라고 하느니라…”
사범학교를 갓 졸업하고 처음 부임 받은 새내기 교사 강동수는 부푼 마음으로 한껏 선생님 티를 내며 인사를 건넨다. 마을에서 처음 만난 웬 촌스러운 아가씨는 알고 보니 다름아닌 늦깎이 제자 최홍연. 
공부는 안중에도 없어 보이는 홍연이는 매일매일 일기장에 유치한 연애편지를 써 보내고 학교에 새벽같이 나와 동수 앞에서 늘 혼자 바쁘게 뛰어다닌다. 마을에서 보기 드문 말쑥한 용모와 차림의 총각선생님의 등장으로 시골마을은 들썩이기 시작한다.

“ 아…가…씨… ? 나 보고 아가씨래…”
낯선 남자로부터 처음으로 ‘아가씨’라는 말을 들은 홍연이는 묘한 감정에 사로잡힌다. 마냥 설레게 만든 낯선 남자는 바로 이 한적한 시골초등학교에 새로 부임한 강동수. 아가씨란 호칭에 단숨에 여자가 되어버린 홍연이는 매일매일 강선생에게 사랑을 전하는 일기를 쓰고, 16살 그녀의 가슴 벅찬 첫사랑이 시작된다. 

16살, 아주 특별한 추억의 한 페이지를 열다
강동수 가슴을 한눈에 무너뜨린 연상의 동료교사 양수정이 나타난다. 서울에서 부임 온 세련된 양선생은 샤갈을 이야기하며 커피 향에 취해 살고, 강동수는 이런 양수정에게 아주 흠뻑 취해 정신을 차릴 수가 없다. 풍금을 가르쳐주며 호시탐탐 기회를 노려보지만 연상의 그녀에게 다가가기에 아직은 어수룩한 강동수는 가슴만 졸인다. 
한편 점점 선생님에 대한 사랑의 감정이 커져만 가는 홍연은 일찍 일어나 선생님 책상에 놓을 꽃을 준비하고 숙제도 열심히 하지만 왠지 강선생은 양선생에게 관심이 가 있는 눈치다. 양선생과 강선생의 다정한 모습을 목격하고는 심통이 난 홍연은 우연히 강선생님의 진심이 적힌 일기를 읽고 실망과 상처를 받아 결국 참았던 울음을 터트리고 일을 저지르고 마는데……",http://www.sacticket.co.kr/webhome/upload/prog_14612_1.jpg,(주)쇼틱커뮤니케이션즈,뮤지컬,http://www.sac.or.kr/program/schedule/view.jsp?seq=14612&s_date=20100116
"댄스뮤지컬 `뒤돌아보는 사랑, 오르페오`","[<a href=""http://www.sac.or.kr/bannerPage1.jsp?htmlURL=/lab2010/10_orpeo/index.html""><u>댄스뮤지컬 '뒤돌아보는 사랑, 오르페오' 홈페이지 바로가기</u></a>]

					열렬히 사랑했던 두 사람이 시간의 폭력에 처참히 무너지기 시작한다. 
시간은 그들 눈에 쓰인 베일을 벗겨 싱크대에 쌓인 설거지 거리를 보게 만들고, 
그들이 함께 펼친 상상의 나래를 거실 청소기 속에 잡아 매놓았으며, 
불러주던 감미로운 노래 대신 공과금을 누가 어떻게 낼 것인지 따지게 만든다. 

격정에 사로잡혀 서둘러 결혼생활을 시작한 동욱과 유리. 
영원한 사랑을 약속할 때 낭만의 나날만을 꿈꾸었을 뿐 생활을 꿈꾸지는 않았던 
젊은 그들은, 자기들 앞에 놓인 현실에 지치기 시작한다. 
그리고 서로의 사랑도 지루해지기 시작하는데... 

그 즈음, 예술단에서는 춤극 ‘오르페오’를 올리기로 결정하고 
둘은 각각 극 중 주인공 역할인 오르페오와 에우리디케를 맡는다. 
서로에 대한 어떤 열정도 남아 있지 않은 현실의 관계와는 다르게 
극중에선 열렬히 사랑해야 하는 두 사람. 
이들은 과연 춤극 ‘오르페오’를 무사히 올릴 수 있을 것인가?",http://www.sacticket.co.kr/webhome/upload/prog_15263_1.jpg,서울예술단,뮤지컬,http://www.sac.or.kr/program/schedule/view.jsp?seq=15263&s_date=20100917
뮤지컬 `Assassins`,"이봐! 세상이 우울해? 그럼, 대통령을 쏴!
브로드웨이의 신화 스티븐 손드하임의 대표작 Assassins이 드디어 한국에 상륙한다",http://www.sacticket.co.kr/webhome/upload/ ,오디뮤지컬컴퍼니,뮤지컬,http://www.sac.or.kr/program/schedule/view.jsp?seq=9334&s_date=20050709
뮤지컬 `아름다운 세상을 위하여`,"(1) 12살 소년의 세상 바꾸기 프로젝트 

“이게 저예요. 
그리고 3명이 있고, 전 그들을 돕죠. 
아주 큰 도움을 줘야 해요.
이들 스스로가 할 수 없는 걸 제가 대신 해주죠.
이들도 다른 3명에게 도움을 주는 거예요. 
그럼 9명이 되고  그 다음은 27명, 그 다음은 81명, 243명, 729명, 2천 187명...... 
이렇게 16번만 계속 하면 4304만 6천721명이 되요. 
16번만 하면 우리나라의 모든 사람들이 다 도움을 받게 되요.” 

“도움주기가 열여섯번만 이어지면 세상은 변해요. 아름답게, 아주 아름답게요……” 

작품 속 도움주기 운동을 현실로  유도  확산시킬 유쾌한 음모가 시작된다. (작품의 주제를 공연만으로 끝내는 것이 아니라 사랑의 도움주기 운동을 직접 실천한다)

(2) 수입 뮤지컬과 비교해도 손색이 없는 16곡의 아름다운 뮤지컬 넘버

브로드웨이의 거장들을 길러내는 N.Y.U.TISCH School Writing Program Composer 대학원 출신들(작곡-  박문희, 편곡- 최종윤)이 음악을 제작, 
뉴욕 현지 세션들의 아름다운 연주를 담았다.&nbsp;창작뮤지컬을 한 단계 업그레이드 시켰다는 평을 받고 있는 아름다운 음악은 시종일관 관객들의 귀를 행복하게 한다.",http://www.sacticket.co.kr/webhome/upload/prog_9613_1.jpg,뮤지컬 창작 공작소 LEHI,뮤지컬,http://www.sac.or.kr/program/schedule/view.jsp?seq=9613&s_date=20050211
뮤지컬 `마리아 마리아`,"[<a href=""http://www.sac.or.kr/bannerPage.jsp?htmlURL=/lab2005/maria/maria.html""><u>창작 뮤지컬 '마리아 마리아' 앵콜 공연 홈페이지 바로가기</u></a>]",http://www.sacticket.co.kr/webhome/upload/ ,조아 뮤지컬컴퍼니,뮤지컬,http://www.sac.or.kr/program/schedule/view.jsp?seq=9680&s_date=20050412
음악극 `크리스마스 캐롤`,"보이지 않는 것을 돌아볼 줄 알아야 비로소 행복도 볼 수 있다.
진정한 삶의 의미를 찾아가는 스크루지와의 여행

1막

크리스마스 이브날, 런던 거리의 사람들은 행복에 들떠서 크리스마스의 기쁨을 만끽한다. 인색한 고리대금업자인 스크루지가 나타나서 사람들에게 돈을 갚으라고 윽박지르고, 성금을 부탁하는 구세군들을 쫓아버린다. 스크루지 상점의 점원 ‘봅’은 추위에 떨며 난로에 석탄을 넣으려 하다가, 스크루지에게 혼만 난다. 스크루지의 조카 프레드는 크리스마스의 기쁨을 이야기하며 스크루지를 저녁 식사에 초대하지만, 스크루지는 크리스마스를 비난하며 초대를 거절한다. 
모두가 돌아간 뒤 혼자 남은 스크루지에게 7년 전에 죽은 동료 말리의 유령이 찾아온다. 말리는 지금까지의 인색한 삶의 방식을 바꾸지 않는다면, 죽은 후에 자신처럼 쇠사슬을 몸에 감고 비참하게 떠도는 신세가 될 거라고 경고한다. 이윽고 과거, 현재, 미래의 크리스마스 유령이 차례로 나타나고, 스크루지는 그들과 함께 시간 여행을 시작한다. 과거의 유령은 스크루지를 과거 크리스마스의 기억들로 데려다주고, 친절했던 여동생 팬과 사랑했던 여인 ‘벨’을 만나게 해준다. 스크루지는 자신의 탐욕 때문에 ‘벨’을 떠나보낸 사실에 괴로워하는데, 현재의 유령이 나타나서 스크루지를 새로운 곳으로 안내한다.

2막

스크루지는 현재의 유령의 인도로 ‘봅’의 집을 방문한다. 그곳에서 가난하지만 서로 사랑하는 가족들과 몸은 불구지만 맑은 영혼을 지닌 ‘팀’을 보게 된다. 그리고 조카 프레드의 집에 간 스크루지는 크리스마스를 즐겁게 보내는 사람들과 프레드와 에밀리의 사랑을 통해 자신이 잃어버린 행복을 깨닫는다. 
마지막으로 미래의 유령을 만난 스쿠루지는 자신의 비참한 죽음을 보게 된다. 또한 팀의 죽음과 자신의 무덤앞에서 기뻐하는 마을 사람들을 보며 충격을 받는다. 
비명을 지르다가 잠에서 깬 스크루지는 자신에게 아직 기회가 남아있음을 감사하고, 지난날을 반성한다. 스크루지는 거리로 나가 사람들에게 ‘팀’을 도울 것을 약속하고, 사랑과 기쁨에 넘쳐서 새로운 인생을 시작한다.",http://www.sacticket.co.kr/webhome/upload/ ,서울예술단,뮤지컬,http://www.sac.or.kr/program/schedule/view.jsp?seq=9942&s_date=20051223
뮤지컬 코로네이션 볼,"<font color=""red"">※ 뮤지컬 <코로네이션 볼>이 주최측 사정에 의해 
1월 12일(수) 오후 3시 공연, 1월 15일(토) 오후 7시 공연, 1월 16일(일) 오후 7시 공연이 
각각 취소되었습니다. 기타 자세한 사항은 주최측인 에이피 컴퍼니(02-2203-0848~9)로 
문의하시기 바랍니다.</font>		

			[<a href=""http://www.sac.or.kr/bannerPage1.jsp?htmlURL=/lab2010/coronationball/index.html""><u>뮤지컬 '코로네이션 볼' 홈페이지 바로가기</u></a>]

					러닝타임: 90분

					프랑스 뮤지컬의 감동 신화를 이어간다, 뮤지컬 코로네이션 볼!

<노트르담 드 파리>의 제작팀이 선보이는 새로운 장르의 뮤지컬!

프랑스 전설의 뮤지컬 <스타마니아>의 주옥같은 노래!

2007년 6월 세종문화회관 대극장에서 처음 소개되어 뮤지컬과 오페라 팬들에게 충격의 감동을 드렸던 <코로네이션 볼>이 2010년 연말 새로운 장르의 뮤지컬로 탄생합니다.

우리에게 다소 생소한 <코로네이션 볼>은 대관식 무도회를 뜻하며 명품 공연을 지칭하는 브랜드가 될 것입니다. 2010년 12월24일 예술의 전당에서 뮤지컬로 초연되는 <코로네이션 볼>(이하 코.볼이라 약칭)은 프랑스 뮤지컬의 전설 <스타마니아>의 주옥같은 곡을 중심으로 기존 뮤지컬과는 차별화된 방법으로 제작되는 새로운 장르의 뮤지컬입니다. 최고의 가창력을 요구하는 뮤지컬 <코.볼>은 중간 휴식 없이 100분간 진행되며 최고의 음악과 여백의 미학 그리고 심플한 연출로 장면의 공감이 강조되는 뮤지컬입니다. 공연 후, 음악과 가사에 중독 된 당신에게 차 한 잔의 긴 호흡의 시간을 드리기 위해 중간 휴식을 생략합니다.",http://www.sacticket.co.kr/webhome/upload/prog_15857_1.jpg,(주)에이피컴퍼니,뮤지컬,http://www.sac.or.kr/program/schedule/view.jsp?seq=15857&s_date=20101224
뮤지컬 코로네이션 볼, ,http://www.sacticket.co.kr/webhome/upload/prog_15885_1.jpg, ,뮤지컬,http://www.sac.or.kr/program/schedule/view.jsp?seq=15885&s_date=20101221
뮤지컬 화랑,"소극장 창작 뮤지컬의 슈퍼스타 <뮤지컬 화랑>!

자세한내용은 SACTicket을 참조하여 주시기바랍니다.

[<a href=""http://www.sacticket.co.kr/webhome/genre/play/play_view.jsp?seq=10702""target=""_blank""><u>SACTicke홈페이지 바로가기</u></a>]",http://www.sacticket.co.kr/webhome/upload/prog_16670_1.jpg,MJ컴퍼니,뮤지컬,http://www.sac.or.kr/program/schedule/view.jsp?seq=16670&s_date=20110703
뮤지컬 화랑, ,http://www.sacticket.co.kr/webhome/upload/prog_16687_1.jpg, ,뮤지컬,http://www.sac.or.kr/program/schedule/view.jsp?seq=16687&s_date=20110701
뮤지컬 화랑,"Synopsys

천년 역사의 도시, 신라의 도읍 서라벌에 ‘화랑’ 오디션 공고가 붙고, 
신라의 완소남으로 손꼽히는 멋진 청년들이 서라벌로 모여든다. 

어머니로부터 벗어나고 싶은 반항아 유오, 
자기가 세상의 중심인 줄 아는 안하무인 파랑, 
원대한 꿈을 안고 산골에서 내려온 화랑의 후예 문노, 
아버지 때문에 어쩔 수 없이 화랑에 지원한 관랑, 
관랑을 지키는 게 삶의 목표인 줄 알고 살아온 순수청년 다함. 

이들은 우여곡절 끝에 한 팀이 되지만 성격도, 재능도, 배경도 각양각색인 그들의 단체생활은 사건사고로 하루도 조용할 날이 없는데...
순간의 자유로움을 만끽하기 위해 한밤의 탈주극을 벌일 정도로 매일 숨 막히는 규칙과 고된 훈련이 이어지고, 엎친데 덮친 격으로 서로에 대한 오해와 갈등으로 지쳐가던 그들은 비제의 단체 경합 결과에 따라 화랑이 되느냐, 마느냐의 기로에까지 놓이는데...

과연 이들은 신라를 지키는 ‘진짜 화랑’, 그들이 꿈꾸던 진정한 서라벌 슈퍼스타가 될 수 있을까?",http://www.sacticket.co.kr/webhome/upload/prog_16883_1.jpg,MJ컴퍼니,뮤지컬,http://www.sac.or.kr/program/schedule/view.jsp?seq=16883&s_date=20110820
누구를 위하여 종은 울리나,"<b>-20세기 최고 서사 문학이 선사하는 블록버스터 뮤지컬</b>
키스를 하고싶지만 어떻게 해야 하는지 잘 몰라요. 키스 할 때 코를 어느 쪽으로 둬야 하지요?  ……… 아직도 많은 사람들의 기억 속에 남아있는 게리쿠퍼와 잉그리드 버그만의 마지막 키스 장면을 뮤지컬로 본다

<b>-뮤지컬로 다시 태어나는 불후의 명작</b>
색 바랜 사진 한 장처럼 추억으로 다가오는 추억의 명화의 뮤지컬 버전

<b>-스펙터클한 무대제작 -</b> 
 전장면 입체무대,   다리폭파장면 실연, 
말 [馬]의 무대등장,  화려한 스페인 춤 등  완성도 높은 대작

<b>-이번 공연은</b>
그 총지휘를 지난 6-70년대 한국 영화의 르네상스를 이끌었던 거장 신상옥 감독이 맡아 일찍부터 화제가 되고 있다. 뮤지컬에 영화의 기법을 도입한 무대 연출은 한국 뮤지컬에 새로운 지평을 열것이다.

<b>-일본 최고의 스텝진</b>
현 일본 뮤지컬계에서 맹활약중인 작곡가, 편곡가, 안무가, 조명 디자이너 등이 함께하는 이번 공연은 일본 극단사계의 내한공연이후 한일 뮤지컬 교류의 본격적인 시작이 된다.

<b>-창단 55주년에 빛나는 극단 新協 -</b>  
 그 명성과 시대에의 귀의 
이번 작품은 한국 최고의 전통을 자랑하는 극단 新協의 55주년 기념 공연으로 제137회 정기 공연이다. 특히 한국을 대표하는 여배우였던 최은희씨가 대표로 취임후 여는 첫 공연으로 연극계 뿐만 아니라 뮤지컬 관객들에게 비상한 관심을 끌고 있다. 극단 新協은 이번 공연을 계기로 최고의 전통과 명성에 걸맞는 극단으로 다시 태어날 것이다. 

<b>-반세기를 넘어선 신 구 배우들의 조화</b>
신세대 최고의 배우들 -  김형묵, 이재영, 이소정, 강효성, 임선애, 김선동,조남희
구세대 최고의 배우들 - 최은희, 백일섭, 양택조, 이대로, 강승원, 장희진, 최대응

이번 출연진의 특징은 세대를 초월한 뮤지컬계의 스타들이 총 망라되고 있다. 이는 극단 신협의 새 출발을 축원하며 성공을 기원하기 위해 원로 스타들이 출연을 자원한 것이다.

<b>-탁월한 원작에 뒤지지 않는 진한 감동의 무대</b>
마지막 장면에 눈물을 흘리지 않는 사람은 없을 것이다. 라고 신감독과 김시우 연출가는 장담 했다고 한다. 결과에 대한 평가는 관객들의 몫으로 남겨놓고….

<b>-추억의 노스탈지어  헤밍웨이</b>
전쟁문학의 꽃이라고 할 수 있는 헤밍웨이 원작을 뮤지컬로 보는 새로운 감동을 선사한다.",http://www.sacticket.co.kr/webhome/upload/ ,극단 신협,뮤지컬,http://www.sac.or.kr/program/schedule/view.jsp?seq=6090&s_date=20020112
뮤지컬 <명성황후>,"창작뮤지컬 ""명성황후""가 올 2월 한국공연사상 최초로 영국런던에서 영어버전으로 무대를 갖는다.
1997년 뉴욕,1998년 뉴욕과 LA
2002년 런던을 거쳐 다시 서는 국내무대.
수년간의 업그레이드,수년간의 찬사로 이어진
세계 속의 한국 뮤지컬 ""명성황후""의 2002년 무대를 기대해본다.",http://www.sacticket.co.kr/webhome/upload/ ,에이콤,뮤지컬,http://www.sac.or.kr/program/schedule/view.jsp?seq=6094&s_date=20020315
"뮤지컬 ""캬바레""","[<a href=""http://www.sac.or.kr/lab2002/cabaret/"" target=""_blank"">상세정보</a>]",http://www.sacticket.co.kr/webhome/upload/ ,예술의전당,뮤지컬,http://www.sac.or.kr/program/schedule/view.jsp?seq=6101&s_date=20020119
서울예술단 뮤지컬<로미오와 줄리엣>,"<로미오와 줄리엣>은 젊은이들의 열정적인 사랑뿐만 아니라 인간의 욕망,욕망의 성취와 그에따른 희생등 살아있는 인간을 소재로 선택,긴밀하고 빠른 이야기 전개와 깊이있고 생동감있는 대사로 인간 삶을표현했다.

이러한 살아있는 인간의 표현이,셰익스피어가 작품을 발표할 당시부터 4백년이 지난 현재까지도 세계 각국에서 그의 작품들을 연극,무용,영화,TV드라마를 살아 숨쉬게하는 원동력으로 자리잡고 있다.

끊임없이 재생산되는 <로미오와 줄리엣>을 서울예술단에서 국내 최초로 뮤지컬로 제작한다.

2년여 준비기간을 거쳐 원작의 서정성과 깊이를 살린 내용을 토대로,현대적이고 감각적인 음악과 안무로 보는이로 하여금 풍요로운 감성의 느낌과 관극의 재미를 주고자 노력했다.
또한 청소년들과 부모세대 간의 공감대 형성으로 세대간,가족간의 이해와 대화의 창을 만들고,감각적인 사랑에 익숙한 현대인들에게는 순수,열정,희생등 사랑의 본질을 느낄 기회를 주고자했다.",http://www.sacticket.co.kr/webhome/upload/ ,서울예술단,뮤지컬,http://www.sac.or.kr/program/schedule/view.jsp?seq=6218&s_date=20020817
"신시 뮤지컬  ""Urine Town(유린타운)""","뮤지컬 <유린타운>의 탄생

뮤지컬 <유린타운(Urine Town)>을 우리말로 표현하자면 ""오줌마을""이다.
한마디로 이 작품은 화장실 이야기인 것이다.
브로드웨이 뮤지컬의 제목으로는 너무 엉뚱하고 당황스러운 이 작품의 시작은 제목처럼 특별했다.
1995년 봄, 원작자인 그레그 커티스(Greg Kotis)는 2주간 유럽의 3개 나라를 속속들이 방문하겠다고 계획을 세운다.
이 대책없는 여행이 잔인할 만큼 큰 인내심을 요하게 되었던 것은, 지니고 있던 거의 모든 돈들을 여행을 시작하자마자 다 써버렸기 때문이다.
물 쓰듯 돈을 쓴후에 집으로 돌아가는 비행기 삯이나마 잃지 않기 위해, 결국은 기차역이나 공원에서 선잠을 자야하는 신세가 되었던 것이다.
그러던 어느날, 파리의 룩셈부르그 공원을 지나고 있을때 참지못할 정도로 소변이 마렵게 되자 그는 두가지 기로에 놓이게 된다.
공원 내에 있는 유로 화장실을 사용할 것인가,아니면 저녁식사와 용변을 동시에 처리할수 있도록,식당에 있는 화장실을 사용하기 위해 몇시간을 참아야 할것이냐의 우습지만 굉장히 심각한 선택의 갈림길 안에서 고민을 하게 된 것이다.
상황이 이렇게 되자 제일 먼저 그의 뇌리를 스치는 것은 도시 내의 모든 화장실들이 독점적이며 심술궂은 조합에 의해서 운영되는 것에 대한 불만이었다.
이 사건에서 그는 시민에 대한 억압과 투쟁,환경과 복지 증진등에 대해서까지 생각하게 되었고 문득,이것을 쇼의 주제로 재현시킬 수 있지 않을까 하는 독특한 생각을 해낸것이다.
이러한 종류의 극을 만든 사람이 이제까지 없었다는 사실을 알게되자 극으로서 만들기에 충분히 가능한 소재이며 해볼만한 일이라는 결론이 내려졌고, 이는 곧바로 <유린타운>의 시작으로 이어졌다.
1997년, 커티스는 작곡가겸 작사가인 마크 홀맨과 함께 일을 시작했다.
작품은 만들어졌으나 제목의 독특함으로 수많은 극장가들에게 거절의 편지를 받은 이들은 1999년, 제목을 <You're in Town>으로 잘못 알고 허가한 극장에서 The NewYork International Fringe Festival을 위한 첫 공연을 할수있게 되었다.
이러한 과정을 통해서 존 타라파(John Carafa)의 안무와 부르스 컬린(Bruce Coughlin)의 오케스트레이션,스캇 패스크(Scott Pask)의 무대제작과 브라이언 맥데빗(Brian MacDavitt)의 조명으로 재 정비된 뮤지컬<유린타운>은 2001년 5월6일 뉴욕 오프 브로드웨이에서 다시한번 막을 올린다.

<작품성으로도 인정받은 뮤지컬>

유린타운은 여타의 브로드웨이 작품에 대한 엇갈리는 평가들과는 비교될 정도로 비평가나 관객들로부터 일관되게 긍정적인 반응을 얻었다.
시사 주간지 ""타임""은 ""유린타운""을 평하면서 이 뮤지컬이 지난해 토니상 12개 부분을 휩쓴 최고인기 뮤지컬 ""프로듀서스""보다 더 훌륭하다고 평가하기도 했으며 뉴욕 타임즈,뉴욕 포스트등 뉴욕의 주요 언론으로부터 큰 호평을 받았다.
<유린타운>의 성공은 브로드웨이의 바람직한 앞날을 위한 좋은 잣대로 평가받고 있다.

[<a href=""http://www.sac.or.kr/lab2002/urinetown/"" target=""_blank"">상세정보</a>]",http://www.sacticket.co.kr/webhome/upload/ ,극단신시,뮤지컬,http://www.sac.or.kr/program/schedule/view.jsp?seq=6219&s_date=20020831
뮤지컬 `지킬 앤 하이드`,"[<a href=""http://www.jekyllnhyde.co.kr/"" target=""_blank""><u>뮤지컬 '지킬 앤 하이드' 공식 홈페이지 바로가기</u></a>]",http://www.sacticket.co.kr/webhome/upload/prog_10097_1.jpg,오디뮤지컬컴퍼니,뮤지컬,http://www.sac.or.kr/program/schedule/view.jsp?seq=10097&s_date=20060125
뮤지컬 `명성황후`,"뮤지컬 명성황후는 비운의 국모 명성황후의 일대기를 그린 뮤지컬로 명성황후 시해 백주기를 맞이하며 기획, 제작된 공연이다. 조선의 마지막 황후이며 16세의 나이로 고종과 결혼하여 국사에 큰 역할을 하다가 일본인들에게 정책적으로 시해 당하는 인물이다. 당시 조선에서는 정국이 어수선하여 각종 난과 사건들이 연이어 일어나던 시절이었고 그 가운데 일본의 한반도 지배 정책에 반하는 의사를 강경하게 펼치다가 사건은 일어난다. 아무리 국가적으로 적대적 감정이 있다고 하더라도 한 국가의 국모를 살해한다는 것은 있을 수 없는 일이건만 이를 무마시키기 위해 일본인들은 역사적인 모든 증거자료를 인멸해 버린다.

★ 1995년 시해 100주년, 명성황후 뮤지컬로 부활! 
★ 10년간 총 130명의 스텝, 240명의 배우가 모여 이루어낸 마스터피스! 
★ 600벌의 궁중의상과 역동적인 이중회전무대, 신이 내린 빛의 완벽한 조화! 
★ 동양 최초의 브로드웨이와 웨스트엔드 진출, 6차례의 해외 공연! 
★ LA 오베이션 어워드 3개 부문 노미네이트, 각종 뮤지컬상 수상! 
★ 664회의 공연, 87만명의 관람객! 관객과 함께한 뮤지컬 <명성황후>",http://www.sacticket.co.kr/webhome/upload/prog_10101_1.jpg,에이콤인터내셔날,뮤지컬,http://www.sac.or.kr/program/schedule/view.jsp?seq=10101&s_date=20060311
뮤지컬 `맘마미아!`,"[<a href=""http://www.mamma-mia.co.kr/"" target=""_blank""><u>뮤지컬 '맘마미아!' 공식 홈페이지 바로가기</u></a>]",http://www.sacticket.co.kr/webhome/upload/prog_10106_1.jpg,예술의전당,뮤지컬,http://www.sac.or.kr/program/schedule/view.jsp?seq=10106&s_date=20060618
뮤지컬 <블루사이공>,"뮤지컬 블루 사이공은 지금은 호치민 시로 바뀐 베트남 전쟁 당시의 사이공을 배경으로 참전했던 따이한 병사들의 삶과 사랑을 조명함으로써, 전쟁이 인류에게 던지는 참혹함과 해악을 깊이있는 인류보편적 주제의식으로 다뤄냄과 동시에 200여 개의 나무세트가 동원된 정글과 전쟁터를 방불케하는 스펙터클한 무대와 아름다운 뮤지컬 넘버로 1996년 초연이래 제33회 백상예술대상, 작품상과 한국 뮤지컬 대상, 서울 연극제 작품상, 한국 기독교 문화대상등을 수상하며 뮤지컬로서의 완성도를 한단계 끌어올렸다.",http://www.sacticket.co.kr/webhome/upload/ ,"극단모시는사람들,공연예술기획이일공",뮤지컬,http://www.sac.or.kr/program/schedule/view.jsp?seq=6287&s_date=20021115
뮤지컬 `렌트`,"[<a href=""http://www.sac.or.kr/lab2002/rent/"" target=""_blank""><u>뮤지컬 '렌트' 홈페이지 바로가기</u></a>]",http://www.sacticket.co.kr/webhome/upload/ ,예술의전당 /신시/MBC,뮤지컬,http://www.sac.or.kr/program/schedule/view.jsp?seq=6288&s_date=20021206
"창작뮤지컬 ""춤추는 강아지""","[<a href=""http://www.sac.or.kr/lab2002/dog/dog02.html"" target=""_blank"">상세정보</a>]",http://www.sacticket.co.kr/webhome/upload/ ,예술의전당,뮤지컬,http://www.sac.or.kr/program/schedule/view.jsp?seq=6289&s_date=20020119
창작뮤지컬<사랑은비를타고>,"""나 오늘 못가!""
어린 시절 부모님을 잃고 두 여동생과 막내 동현을 위해 가장의 역할을 수행했던 동욱.
피아니스트를 꿈꾸던 동욱은 40세가 넘도록 혼자 살면서 가족들을 부양해 나갔다.
동욱의 40번째 생일날, 동욱은 시집간 두 여동생 가족을 초대하지만 동생들은 무심하게도 파티에 참석하지 못한다는 전화를 한다.
오랫만에 가족을 만난다는 기쁨에 요리를 만들며 즐거워하는 동욱의 모습에 우울함이 서리고 불이 꺼진다.
깜깜한 어둠속에서 십자수를 놓고있던 동욱.
이때 현관문이 열리면서 검은 그림자가 들어온다.
동욱은 당황하며 옆에 있던 진공 청소기를 집어들고
가스총인 냥 그 낯선 이에게 들이댄다.
이때 불이 켜지고 마주선 두 사람.
검은 그림자의 정체는 동욱의 막내 동생 동현이었고,
동현은 반가움에 형 동욱을 와락 껴안는다.
이것은 그들의 7년만의 재회이다.


""난 왜! 항상 이모양이야!""
동생 동현과 만난 동욱은 오랫만에 서로의 감정을 털어놓는데, 별안간 웨딩닷컴에서 일하는 어느 푼수끼 있는 여자가 들어와 난데없이 기묘한 옷차림새로 결혼을 축하한다며 생쑈를 한다.
하지만 집을 잘못안 유미리는 절망감에 자신의 신세를 한탄한다.
절망하던 유미리는 웨딩 닷컴에 전화를 하지만 주부장은 이미 모든 사실을 알고 유미리를 다그친다.
주부장과의 말다툼끝에 유미리는 첫출근이자 마지막 퇴근을 하게 된다.
그 모습을 지켜보던 동현은 그 나이 땐 다 그런거라며 유미리를 위로한다.
의기소침해 있는 미리에게 동현은 현의 생일파티를 준비하자고 제안하고 둘은 형을 위한 최고의 생일파티를 준비한다.
""자!즐거운 파티를 시작하자!""

촉촉한 빗소리에 잔잔히 스며드는 사랑의 테마
동연이 우연히 발견한 형의약병. 그 약병은 바로 ""말초신경마비""를 억제하는 협전제다.
동생은 이런 형에게 무슨일 이냐며 추궁을 하게되고 ...
결국에 두 형제에 대한 오해는 사랑으로 바뀌고, 화해의 피아노 연주와 함께 서로의 사랑을 그들의 사랑이 영원하길바라며 ..",http://www.sacticket.co.kr/webhome/upload/ ,OD 뮤지컬컴퍼니,뮤지컬,http://www.sac.or.kr/program/schedule/view.jsp?seq=6304&s_date=20021109
뮤지컬 `천상시계`,"[<a href=""http://www.sac.or.kr/bannerPage.jsp?htmlURL=/lab2006/musical_thewatch/index.html""><u>뮤지컬 '천상시계' 홈페이지 바로가기</u></a>]

					하늘을 읽을 줄 아는 남자 장영실, 부강한 자주국가 건설을 꿈꾸는 성군 세종, 풍류를 아는 음악가 박연, 자존심을 굽히지 않는 장군 이천. 명나라의 압력에 굴하지 않고 자주국방을 위해 노력하는 조선 남자들의 신의와 우정, 갈등 그리고 사랑을 30여편의 노래와 춤, 국악 라이브 연주를 통해 느껴보실 수 있을 것입니다. 뮤지컬 [천상시계]는 화려하기만 한 볼거리로 채워진 감성, 쇼 뮤지컬이 아닌 따뜻한 피가 돌고 사람이 살아 움직이는 감동의 뮤지컬입니다.",http://www.sacticket.co.kr/webhome/upload/prog_10108_1.jpg,극단 아리랑,뮤지컬,http://www.sac.or.kr/program/schedule/view.jsp?seq=10108&s_date=20060131
뮤지컬 `벽을 뚫는 남자`,"[<a href=""http://www.sac.or.kr/bannerPage.jsp?htmlURL=/lab2006/musical_amour/index.html""><u>뮤지컬 '벽을 뚫는 남자' 홈페이지 바로가기</u></a>]		

			'쉘부르의 우산' 작곡가 미셸 르그랑의 천재적인 뮤지컬 음악

프랑스 최고의 작가 마르셀 에메의 대표작 '벽을 뚫는 남자' 원작

원작을 뛰어넘는 각색과 춤추듯 살아있는 개성의 23캐릭터
금세기 최고 소설가 마르셀 에메와 ‘쉘부르의 우산’,‘볼레로’,‘007’의 천재 음악가 미셀 르그랑! 마법같은 발랄한 상상, 그림같은 사랑의 뮤지컬! 로맨틱한 몽마르뜨 언덕으로 당신을 초대합니다.
***공연리뷰***
▶팝의 황제 마이클 잭슨이 격찬한 최고의 프랑스 뮤지컬-로이터
▶완벽 그 자체! 이것이 진짜 뮤지컬이다-NBC뉴스
▶100%완벽한 음악,역사상 가장 위대한 뮤지컬 작곡가
  -뉴욕타임즈
▶진정한 보물! 엄청난 환희! 막이 내린 후에도 귓가를 맴도는 
  환상적인 음악!-르 피가로
▶마법같은 뮤지컬 코미디! 프랑스 뮤지컬의 정수!-프레스오션",http://www.sacticket.co.kr/webhome/upload/prog_10110_1.jpg,"(유)쇼노트, CJ엔터테인먼트",뮤지컬,http://www.sac.or.kr/program/schedule/view.jsp?seq=10110&s_date=20060228
음악극 `바람의나라`,"서울예술단의 바람!
김진 원작, 이지나 연출의 화제작, 뮤지컬 ‘바람의 나라’

1막.
고구려 3대 대무신왕 원년.
무휼은 실종된 누나 세류를 찾아 명림 계곡으로 들어간다.
명림은 선대왕인 유리왕 대에 숱한 사람들이 역적으로 몰려 죽은 곳.
이곳에서 그는 죽은 해명태자의 연인이며 그의 군사를 이끌고 있는 새타니 혜압을 만난다.
무휼의 증오와 해명태자의 의지. 원혼이 뭉쳐진 명림에서 과거와 현재가 뒤섞이며 한판 굿이 벌어진다.

“그 날, 왕인 아비가 죽여 버린 자식인지라 감히 손대었다가 역자로 몰릴까 두려워하여 손 못 대는 사람들을 젖히고 내 손수 그의 몸에서 창을 꺾어내고 염하여 땅에 묻었다. 내가 그의 피를 닦고 그의 숨을 거두었다!! 내가 그를 이승으로 불러올리는 굿을 했다. 누가 내 님을 죽였느냐? 제 아비의 나라 땅에서 제 아비의 명 받들어 스스로 피 뿌리고 죽었다. 자기 것도 되지 않는 나라라면 차라리 떠나버릴 일이지 누굴 위해 꽃 같은 목숨을 그리도 하찮게 뿌렸단 말이냐? 명림의 새타니가 목숨을 걸고 사랑했던 내 님!!,내님!!,내님!!,내님!!”

2막.
해명의 군사를 얻고 내려온, 무휼은 이제 선대로부터 내려오는 왕권을 강화하기 위해 선대로부터의 가신들을 숙청한다.
오로지 왕비자리만을 노리고 들어왔던 왕비 이지는 그만 첫눈에 그를 사랑하게 되고, 태자시절 무휼의 비였던 연의 아들 호동은 점차 자라며 아버지와의 살이 드러나며, 서로의 이상이 어긋나기 시작한다.
그 와중에 전쟁은 끝이 없고, 왕에 대한 왕비의 애증도 극한에 달한다. 
그리하여, 아버지가 아들을 죽이는 비극이 다시 잉태되기 시작하는데.... 

""그래...보아라. 너희의 왕 될 자는 잔인한 눈을 가졌다.
그는 용감하고 두려움 따위는 모른다.
그가 미래의 너희의 왕이요, 대 고구려의 주인이다!!""",http://www.sacticket.co.kr/webhome/upload/prog_10124_1.jpg,서울예술단,뮤지컬,http://www.sac.or.kr/program/schedule/view.jsp?seq=10124&s_date=20060714
여우야 뭐하니? 동산에 꽃피면 나하고놀자,"고목나무 할머니와 달님만을 침구 삼아 놀던 동산의 여우는 우연히 순희가 노는 모습을 숨어서 보게 되고,함께 놀고싶어한다.
 이 마음을 안 고목나무는 여우를 사내 아이의 모습을로 만들어 준다. 아이들과 어울려 신나게 놀던 사내아이는, 순희와의 사이를 시샘한 석필이의 방해로 아이들에게 여우의 모습을 들키게 되고, 이에 낙담하여 자신감을 잃은 채 할머니와 달님 곁으로 돌아와 동산에 꽃을 가꾸며 아이들과의 즐거웠던 한 때를 그리워 한다. 한편 순이는 여우에 대한 그리움으로 아이들을 이끌고 동산을 오르게 되고 아이들은 달빛을 통해 꽃마다 새겨진 자신들의 이름을 보게 되는데....
 
[<a href=""http://www.sac.or.kr/lab2002/fox/fox_index.html"" target=""_blank"">상세정보</a>]",http://www.sacticket.co.kr/webhome/upload/ ,황금겨자씨,뮤지컬,http://www.sac.or.kr/program/schedule/view.jsp?seq=6710&s_date=20020530
뮤지컬 `갬블러`,"이 작품의 무대는 유럽의 한 도시에 있는 라스베가스 스타일의 카지노 ""북경궁""이다.
<ACT 1>
차츰 무대에 화려한 카지노의 내부와 활기차게 도박을 즐기는 사람들의 모습이 드러난다.
보스는 관객들과 지금 바로 카지노 <바그다드>문을 통해 들어온 호기심 많고 순진한 한 젊은이를 확실하게 도박사로 변화시키겠다는 게임을 한다. 
그때 카지노 무대에서 쑈가 시작되고 젊은이는 무희들중 한 여자에게 특별한 관심을 가진다는것을 알아차린 보스는  두 사람을 소개시켜준다.

밤. . .백작부인과 쇼걸은 미사를 위해 성당을 방문하고 백작부인은 성당앞에서 쑈걸을 기다리는 젊은이를 만나지만 도박사들을 경멸하는 그녀는 젊은이를 불쾌하게 대한다.
쇼걸은 백작부인의 뜻을 한번도 어긴적이 없었지만 백작부인의 만류를 뿌리치고 성당을 뛰쳐나간다.
카지노 보스는 쑈걸과 완전한 사랑을 얻기위해서는 황금열쇠가 필요하다며 거기엔 게임에서 승리할수있는 '카드의 비밀""이 있다고 알려주고 쇼걸은 성공에 대한 갈망과 곧 스타가 될 것이라는 환상들을 노래한다.

<ACT 2>
늦은밤. . .백작부인은 자신의 방에서 도박사와는 절대로 사랑에 빠지지 말라는 충고와 함께 황금열쇠를 쇼걸에게 주며 자신의 사랑을 파멸로 이끈 한 남자와의 슬픈 사연을 이야기해준다.
사랑과 성공사이에서 갈등하는 쇼걸의 마음도 모르는채 젊은이는 쇼걸에게서 황금열쇠를 빼앗아간다.
황금열쇠를 손에쥔 젊은이는 배팅을 시작하고 어느새 도박의 노예가 되어버린다.
황금열쇠의 마력으로 승리하게된 도박사는 마지막 판에 모든걸 걸지만 더 이상의 행운은 없었고 이미 끝난 게임에는 냉정한 시선만이 있을뿐이다.
결국은 이 모든계략의 배경에는 백작부인이 있었다는것이 밝혀지고 도박사는 자신이 허무한 도박을 했다는것과 황금열쇠란 처음부터 존재하지 않았다는것을 알게된다.

주사위가 구르고 카드가 섞이고 쇼가 시작되고 카지노는 변함없이 움직인다.
새로운 희생자가 카지노의 문으로 들어와 두리번거리고,카지노 보스는 두팔벌려 그를 환영한다.
그렇게 다시 위험한 황금숭배가 시작된다.
 
[<a href=""#""onClick=""window.open('http://www.sac.or.kr/lab2002/gambler/','_blank','left=0,top=0,toolbar=no,location=yes,status=no,menubar=no,scrollbars=yes,resizable=yes,width=830,height=585')"">상세정보</a>]",http://www.sacticket.co.kr/webhome/upload/ ,신시 뮤지컬 컴퍼니,뮤지컬,http://www.sac.or.kr/program/schedule/view.jsp?seq=7000&s_date=20020817
뮤지컬 마리아 마리아,"<font color=red>*</font> 12월 8일 20:00 / 12월 25일 15:00, 19:00 / 12월 26일 공연없음
<font color=red>*</font> 엠파이어(VIP석): 48석 한정,CD,프로그램,뉴욕공연포스터제공
			
명품 브랜드 “마리아 마리아”
명품의 가치는 그냥 얻어지는 것이 아닙니다. 품격 있는 당신에게 특별한 차이를 드립니다.

제10회(2004년)
한국뮤지컬 대상 4개 부문 수상
(최우수작품상, 여우주연상, 음악상, 작사/대본상) 
 
THE N.Y
Musical Theatre Festival 공식 초청 작 

Musical Mania Award
(베스트 뮤직 상 수상) 

M.K Best Venture Awards
(대상-문화부 장관상 수상) 

인류최대의 베스트 셀러인 바이블(BIBLE)을 바탕으로
작가적 상상을 통해 재 창조된 『마리아 마리아』는 
      
세기를 뛰어넘는 영원한 이슈 “막달라 마리아”의 삶을
재조명한 뮤지컬 작품 이다  
   
『마리아 마리아』는 예수를 유혹하는 대가로 밑바닥 생활을 청산하고 
로마행을 꿈꾸는 창녀 마리아의 굴곡진 삶을 드라마틱하게 표현한 작품으로,
              
지저스 크라이스트 수퍼스타가 【유다】전 이라면
마리아 마리아는 【막달라 마리아】전 으로 비유되기도 한다. 

31개의 주옥같은 뮤지컬 넘버(뮤지컬 노래) 중
“나의남자”와 “당신이었군요”는 세계적 수준의 곡으로 평가 받고 있다.",http://www.sacticket.co.kr/webhome/upload/prog_10753_1.jpg,(주)조아뮤지컬컴퍼니,뮤지컬,http://www.sac.or.kr/program/schedule/view.jsp?seq=10753&s_date=20061208
한여름밤의 악몽 (仲夏夜之惡夢),"[<a href=""http://www.sac.or.kr/bannerPage.jsp?htmlURL=/lab2006/midsummer_nightmare/index.html""><u>한국형 가족 뮤지컬 '한 여름 밤의 악몽' 홈페이지 바로가기</u></a>]

					林 中 雜 鬼 總 集 合 (림중잡귀총집합)!
이렇게 더운 날 귀신들은 무얼 할까? 올 여름 무더위를 씻겨줄 순수 무공해 코믹 뮤지컬! 무더운 여름날 귀신들은 과연 무엇을 하는지, 현실과 악몽의 차이가 무엇인지를 느낄 수 있는 순수하고 코믹한 사랑 이야기를 다룬 번안 창작 뮤지컬이다.　

‘한 여름 밤의 악몽’은 영국의 대 문호 윌리엄 셰익스피어의 원작인 ‘한 여름 밤의 꿈’을 한국적으로 재해석한 뮤지컬입니다

500 여 년 전 아테네를 배경으로 한 낭만적, 몽환적 분위기의 원작은 100 여 년 전 개화기에 접어든 한국을 배경으로 한 여름 밤 숲속의 귀신들과 인간들의 옥신각신 사랑이야기를 풀어내고 있습니다. 

무더운 여름날 귀신들은 과연 무엇을 하는지, 현실과 악몽의 차이가 무엇인지를 느낄 수 있는 웃음이 가득한 사랑 이야기를 다룬 뮤지컬로 관객들과 함께 할 것입니다.  

세익스피어 다시 보기 - 月 里 暗 歲 謚 詩 彼 語 월리암 세익스피어 (어두운 시대, 달 마을에 이로움을 펼치는 그의 이야기)
500 여 년 전 아테네를 배경으로 한 낭만적, 몽환적 분위기의 원작은 100 여 년 전 개화기에 접어든 한국을 배경으로 한여름 밤 숲 속의 귀신들과 인간들의 옥신각신 사랑이야기를 담고 있다. 사랑하는 사람과의 다툼과 이별은 세상을 우울하고 부정적으로 보이게 한다.  세익스피어의 보편적이고 탄탄한 텍스트를 바탕으로  그 그림자를 거두어 줄 새로운 번안 창작 뮤지컬이 선보인다.

인물, 시대, 대사 모두 우리 정서의 뮤지컬!
늘 보아오던 이국적인 뮤지컬이 이미지가 아니다.  그러나 마당극도 아니다. 우리 색깔의 흥겨운 옷을 입고, 극중극 형식을 통해 현실 속 문제점을 신랄하고 코믹하게 지적하고, 꿈결같은 약 70여분의 음악은 우리의 언어와 리듬이 베어나 들리는 뮤지컬로 자리잡을 것이다.  

총 제작진 지분 참여 !
개성과 실력으로 똘똘 뭉친 배우와 스탭 모두가 지분 참여를 한 작품으로 배우 고인배, 한성식, 김희원, 최오식, ‘백설공주를 사랑한 난장이'의 반달이 최인경 등 출연하여 뜨거운 앙상블을 펼친다.",http://www.sacticket.co.kr/webhome/upload/prog_10826_1.jpg,극단 자명종 & Pre-production JAMinthepark,뮤지컬,http://www.sac.or.kr/program/schedule/view.jsp?seq=10826&s_date=20060620
프랑스 뮤지컬 `돈 주앙`,"[<a href=""http://www.sac.or.kr/bannerPage.jsp?htmlURL=/lab2006/donjuan/index.html""><u>매혹의 프랑스 뮤지컬 '돈 주앙' 홈페이지 바로가기</u></a>]

									프랑스어로 부르는 아름다운 사랑 노래와 강렬한 라틴 선율
 그리고 화려한 플라멩코와의 만남!

매혹의 뮤지컬 <돈 주앙(Don Juan)>

- 총 70여 명의 오리지널 공연 팀 내한 아시아 초연

- 2006년 11월 30일부터 12월 16일까지 예술의전당 오페라극장에서 공연",http://www.sacticket.co.kr/webhome/upload/prog_10828_1.jpg,(주)엔디피케이,뮤지컬,http://www.sac.or.kr/program/schedule/view.jsp?seq=10828&s_date=20061130
뮤지컬 <몽유도원도>,"오는 11월 여러 해를 거쳐 준비해온 순수 대형 창작뮤지컬 <몽유도원도>가 관객 여러분을 찾아옵니다. [삼국사기] 제48권에 실려 있는 백제의 '도미부인' 설화를 모티브로 순수한 사랑의 메시지를 전해줄 창작 뮤지컬 <몽유도원도>는 브로드웨이 뮤지컬에서 맛볼 수 없는 우리 뮤지컬만의 감동을 선사해 드릴 것입니다. 

뮤지컬 <몽유도원도>의 원작은 대표작 [겨울 나그네]로 우리시대 젊은이들의 아픔과 사랑을 노래한 바 있는 작가 최인호의 동명소설입니다. 불가항력의 현실로 인해 어쩔 수 없이 연인간의 믿음을 시험받게 되는 '도미'와 '아랑'의 슬픈 사랑, 세상의 모는 것을 가졌지만 정작 자신이 사랑하는 여인의 사랑만은 얻지 못했던 '여경'의 아픔, 모든 것을 지켜보게 되지만 정작 아끼는 이를 위해 아무런 힘도 되지 못하는 '향실'의 고뇌 등 <몽유도원도>에서는 현재의 우리도 쉽게 공감할 수 있는 이야기들이 풍성히 전개됩니다. 조선조 안평대군이 꿈 속에 노닐던 도원의 비경을 그리워하여 안견으로 하여금 그림으로 기록하게 한 '몽유도원도'의 사연처럼 뮤지컬 <몽유도원도>는 '사랑'과 '인생'에 대한 차분한 사색을 가능케 하며 슬프지만 아름다운 감동을 선사할 것입니다. 

뮤지컬 <몽유도원도>에서는 참신하고 재능있는 신인 뮤지컬 배우를 만나는 즐거움도 있습니다. 지난 7-8월, 뮤지컬 배우 200여명이 응시한 출연배우 오디션에서 엄격한 심사를 거쳐 탁월한 노래, 춤 실력과 연기력을 갖춘 차세대 유망주들이 대거 선발 되었습니다. 한국 뮤지컬의 새로운 이정표로 자리잡을 이번 공연에 새로운 얼굴이 출연하여 작품에 신선함을 더합니다. 

국내 음악계의 거목인 김희갑, 양인자 콤비의 스케일이 큰 음악이 피터 케이시의 편곡으로 선보이고, 최고의 무대디자이너로 손꼽히는 박동우의 독창적인 무대가 펼쳐질 이번 공연은  최고의 스탭이 총 동원되어 30년동안 축적된 한국 뮤지컬의 현주소를 보여드릴 것입니다. 

'좋은 작품은 바로 관객 여러분이 만드십니다!' 우리 뮤지컬을 사랑하는 관객 여러분의 지속적인 관심과 참여를 부탁드립니다. 

[<a href=""http://www.sac.or.kr/lab2002/musical_sac/index.html"" target=""_blank""><u>뮤지컬 '몽유도원도' 홈페이지 바로가기</u></a>]",http://www.sacticket.co.kr/webhome/upload/ ,예술의전당   (주)에이콤 인터내셔날   조선일보사,뮤지컬,http://www.sac.or.kr/program/schedule/view.jsp?seq=7198&s_date=20021115
뮤지컬 <캣츠>,"[<a href=""http://www.sac.or.kr/lab2002/musicalcats/index.htm"" target=""_blank""><u>뮤지컬 '캣츠' 홈페이지 바로가기</u></a>]",http://www.sacticket.co.kr/webhome/upload/ ,"예술의전당, 제미로",뮤지컬,http://www.sac.or.kr/program/schedule/view.jsp?seq=7480&s_date=20030129
SBS 악극 `봄날은 간다`,"[<a href=""http://www.sac.or.kr/lab2003/spring/main.html"" target=""_blank""><u>SBS 악극 '봄날은 간다' 앵콜공연 홈페이지 바로가기</u></a>]",http://www.sacticket.co.kr/webhome/upload/ ,SBS,뮤지컬,http://www.sac.or.kr/program/schedule/view.jsp?seq=7490&s_date=20030606
신시뮤지컬 `사운드 오브 뮤직`,"[<a href=""http://sound.iseensee.com/"" target=""_blank""><u>뮤지컬 '사운드 오브 뮤직' 홈페이지 바로가기</u></a>]",http://www.sacticket.co.kr/webhome/upload/ ,"예술의전당, 신시뮤지컬컴퍼니",뮤지컬,http://www.sac.or.kr/program/schedule/view.jsp?seq=7493&s_date=20030729
뮤지컬 `명성황후`,"[<a href=""http://www.sac.or.kr/lab2003/empress/empress.html"" target=""_blank""><u>뮤지컬 '명성황후' 홈페이지 바로가기</u></a>]",http://www.sacticket.co.kr/webhome/upload/ ,에이콤,뮤지컬,http://www.sac.or.kr/program/schedule/view.jsp?seq=7495&s_date=20030905
뮤지컬 <명성황후>,"뮤지컬 명성황후는 비운의 국모 명성황후의 일대기를 그린 뮤지컬로 명성황후 시해 백주기를 맞이하며 기획, 제작된 공연이다. 명성황후는 조선의 마지막 황후이며 16세의 나이로 고종과 결혼하여 국사에 큰 역할을 하다가 일본인들에게 정책적으로 시해 당하는 인물이다. 당시 조선에서는 정국이 어수선하여 각종 난과 사건들이 연이어 일어나던 시절이었고 그 가운데 일본의 한반도 지배 정책에 반하는 의사를 강경하게 펼치다가 사건은 일어난다. 아무리 국가적으로 적대적 감정이 있다고 하더라도 한 국가의 국모를 살해한다는 것은 있을 수 없는 일이건만 이를 무마시키기 위해 일본인들은 역사적인 모든 증거자료를 인멸해 버린다. 
뮤지컬 명성황후는 한일 간의 아픈 역사를 되짚어 본다. 한 나라의 국모였지만 한 남편의 아내이자 어머니로써 그녀가 겪었던 죽음과 만국공통의 정서인 애국심이 결합하여 국제적인 문화상품으로 거듭 태어난 것이다.

1막: 1시간 10분 - 휴식: 20분 - 2막: 1시간",http://www.sacticket.co.kr/webhome/upload/prog_11029_1.jpg,(주)에이콤 인터내셔날,뮤지컬,http://www.sac.or.kr/program/schedule/view.jsp?seq=11029&s_date=20070217
뮤지컬 <화성에서 꿈꾸다>,"유네스코 지정 세계 문화유산인 경기도 수원 화성과 이를 건축한 정조 대왕을 소재로 실학의 자긍심과 우리 문화의 우수성을 전 세계에 알리고자 만들어진 창작뮤지컬<화성에서 꿈꾸다>.
천재연출가 이윤택이 대본, 연출을 , 젊은 작곡가 강상구가 음악을 맡고, 뮤지컬계의 떠오르고 있는 샛별, 민영기와 조정은이 주인공을 맡아 창작뮤지컬의 새로운 모습을 선보인다.
1막:70분 - 휴식:20분 - 2막: 70분",http://www.sacticket.co.kr/webhome/upload/prog_11030_1.jpg,(재)경기도 문화의전당,뮤지컬,http://www.sac.or.kr/program/schedule/view.jsp?seq=11030&s_date=20070315
뮤지컬 `최승희`,"*월요일 공연없음. 
*9/26(금) 오후4시 공연 및 10/2(목) 공연없음.
*대학생 이하 전석 30%할인-현장 신분증지참, 확인후 수령
*신체부자유자,국가유공자 본인에 한하여 50% 할인
 - 신분증 지참. 현장에서 확인 후 티켓수령
 - 중복할인은 불가합니다.       

""나는 조선의 춤을 추고 싶었을 뿐이다"" 
이념과 사상 속에 파묻힌 
그녀의 진실을 향한 진혼향(鎭魂香)

  암울했던 일제 치하에 한줄기 빛처럼 나타났다 스러진 불운의 천재 무용가, 한국의 '이사도라 던컨' 최승희.
  그녀의 신비하면서도 화려한 춤동작과 시대를 앞선 활동에 비해 우리에게 알려진 것은 그리 많지 않다. 최승희는 지극히 동양적이면서도 미완성의 춤 하나로 볼모지나 다름없던 우리 현대무용을 세계에 알린 선구자이자 당시 세계 언론으로부터 '신비와 환상의 춤'이라는 극찬을 받았던 조선의 요정이었다.

  그러나 무대 밖 그녀의 삶은 결코 화려하지도 영광스럽지도 않았다. 예술적 기량이 한층 성숙되던 때 6.25전쟁과 사상이 소용돌이치는 정치적 대치 상황 속에서 최승희는 가혹한 운명에 처하게 되고 결국 이념과 사상의 갈등으로 얼룩진 역사 속으로 던져져 남과 북 모두로부터 버림을 받게 되고 세상으로부터도 잊혀지게 된다.

  분단 반세기가 지난 오늘, 우리는 그 어떤 이념이나 사상으로 포장된 것이 아닌, 역사와 민족을 다루는 내용이 안무의 주제였던 그녀의 무용을 이데올로기적인 요소만 부각시킬 것이 아니라 예술적인 관점에서 그 특수성을 인정해야 할 것이다. 최승희는 분명 우리나라 예술사에 기록되어져야 할 시대를 앞선 예술가임에 분명하다.

  동양적인 춤사위를 통해 서양 무용에 도전한 동양의 작은 춤꾼의 이야기를 통해 그녀의 역사적 배경이나 사상적 검증에서 벗어나 오직 한 예술가의 삶을 통해 진정한 의미의 예술혼과 치열했던 작품세계를 재조명 해보고자 한다.                 

  연출가 손진책이 그동안 수집한 최승희 관련 자료들을 토대로 연극적으로 가다듬어 선보이는 이 작품은 신예작곡가 조석연이 쓴 감동적이고 애잔한 선율과 최승희의 내면을 표현한 영상물 등을 통해 그녀의 춤사위만큼 감각적이고 세련된 무대를 선보일 예정으로 이에 최승희 역을 맡은 김성녀의 카리스마 넘치는 연기가 더욱 기대되는 작품이다.",http://www.sacticket.co.kr/webhome/upload/ ,극단미추  www.michoo.co.kr,뮤지컬,http://www.sac.or.kr/program/schedule/view.jsp?seq=7518&s_date=20030926
뮤지컬 `크리스마스캐롤`,"구두쇠 스크루지가 과거, 현재, 미래의 유령과 함께 
찾아가는 진정한 삶의 의미

온 세상 사람들이 사랑을 주고받으며 행복해 하는 크리스마스는 탐욕스러운 스크루지에게 빌려준 돈을 긁어모으는 수금 날에 불과하다. 크리스마스날 만큼은 쉬지 않을까 기대를 해보는 직원 봅 앞에서 모금함을 들고 온 교인들까지도 쫓아버리는 지독한 스크루지, 조카인 프레드는 삼촌 스크루지에게 크리스마스를 함께 하자고 청하지만 그 반응은 냉담하기만 하다. 

모두가 돌아간 뒤 쓸쓸하고 적막한 스크루지의 침실, 7년 전에 죽었던 동료 말리의 유령이 스크루지를 찾아와 헛된 사업과 인색한 삶의 방식을 바꾸지 않으면 탐욕의 사슬에 묶여 영원히 비참한 유령으로 떠돌게 될 것이라고 경고한다. 그 뒤를 이어 나타난 유령들과 함께 스크루지는 과거, 현재, 미래로의 시간여행을 시작하게 된다.

과거의 유령은 스크루지를 그의 어린시절 학교 가장무도회가 있었던 곳으로 안내하고 사랑하는 여인 벨을 버리고 돈에 집착하기 시작하는 과거의 스크루지를 보여 준다. 추억에 젖어 옛 기억을 떠올리던 스크루지는 현재의 유령을 만나 직원 봅의 집을 찾아가 가난하지만 단촐한 식사를 함께 나누며 행복해하는 가족을 본다. 그리고 조카인 프레드의 집에서는 프레드와 그의 약혼녀 에밀리의 사랑을 통해 과거 자신과 벨의 순수했던 사랑을 회상한다. 
미래의 유령은 비참한 스크루지의 미래를 보여주기 위해 아무도 찾지 않는 쓸쓸한 스크루지의 무덤을 찾아간다. 그곳에서 스크루지는 환영받는 자신의 죽음을 보며 절망하게 되지만, 사랑했던 여인 벨과의 재회를 통해 잃어버린 소중한 사랑을 마음속에 되찾는다. 

사랑하는 마음으로 세상을 보게 된 스크루지는 그동안의 탐욕스럽게 살아온 자신의 잘못을 뉘우치며 새로운 인생을 살아가게 된다.",http://www.sacticket.co.kr/webhome/upload/ ,서울예술단,뮤지컬,http://www.sac.or.kr/program/schedule/view.jsp?seq=7525&s_date=20031212
뮤지컬 <우모자>,"남아프리카 공화국에서 만들어진 댄스 뮤지컬 우모자는 원시 부족사회에서부터 아파르트헤이트(Apartheid_인종분리)의 세월을 지나 오늘에 이르기까지 남아프리카 인들의 역사를 그들 음악의 일대기로 재구성한 작품이다. 

아프리카 드럼의 강한 울림과 함께 특유의 에너지가 가득한 민속춤으로 시작하는 오프닝. 이어서 근대 요하네스버그를 중심으로 유행했던 스윙재즈, 탄광 노동자들의 부츠를 이용한 대화 방식에서 유래된 검부츠 댄스, 흑백 갈등과 흑인 탄압의 역사 속에서 삶의 시련을 잊기 위해 상대적으로 더 섹시하고 신나게 만들었던 댄스 음악들, 그리고 요즘 젊은이들의 격렬한 구르브(Groove) 리듬이나 힙합에 이르기까지 남아프리카 인들의 과거와 현재, 미래를 음악과 춤에 실어 옴니버스식으로 보여주는 '우모자'는 그야말로 예술 종합선물세트를 방불케 할 만큼 화려하고 다양하게 펼쳐진다.

1막:60분 - 휴식:20분 -2막:60분

[<a href=""http://www.sac.or.kr/bannerPage.jsp?htmlURL=/lab2007/umoja/index.html""><u>세계를 전율시킨 뮤지컬 '우모자(UMOJA)' 홈페이지 바로가기</u></a>]",http://www.sacticket.co.kr/webhome/upload/prog_11032_1.jpg,서울예술기획,뮤지컬,http://www.sac.or.kr/program/schedule/view.jsp?seq=11032&s_date=20070405
뮤지컬 <대장금>,"[<a href=""http://www.sac.or.kr/bannerPage.jsp?htmlURL=/lab2007/daejang/index.html""><u>뮤지컬 '대장금' 홈페이지 바로가기</u></a>]

					어머니의 유언에 따르기 위해 궁으로 들어가 생각시가 된 어린 장금은 호기심 많은 성격으로 이것 저것 묻기 좋아하는 아이다. 

궁 안에서 성장하면서, 뛰어난 총기 때문에 주변 나인들의 시샘과 최상궁의 경계를 받지만, 언제나 기본에 충실한 원칙으로 위기를 극복해 나간다. 

  어머니가 남긴 발기책을 찾으러 간 장금은 중전의 아이를 여아로 바꾸는 부적을 붙이러 온 금영과 맞닥뜨리게 되고, 역모의 모함을 받게 된다. 

한상궁과 최상궁은 최고 상궁 경합을 통해 이 일을 정리하기로 하지만, 최판술 집안의 모함으로 결국 한상궁은 죽고, 장금이는 제주도 관비가 되어 궁에서 쫓겨나게 된다. 

민정호는 장금의 결백을 믿고, 그녀를 돌보아주다 사랑을 느끼게 된다. 정호를 짝사랑해왔던 금영은 이 모습에 가슴 아파한다. 장금은 어머니의 뜻을 잇기 위해 의녀가 되어 궁으로 돌아오고, 역병이 돌고 있는 마을에 들어가게 되는데...

1막:70분 - 휴식시간:20분 - 2막:70분",http://www.sacticket.co.kr/webhome/upload/prog_11036_1.jpg,(주)문화방송 (주)피엠씨 프로덕션,뮤지컬,http://www.sac.or.kr/program/schedule/view.jsp?seq=11036&s_date=20070526
뮤지컬 <댄싱 섀도우>,"[<a href=""http://www.sac.or.kr/bannerPage.jsp?htmlURL=/lab2007/dancingshadows/index.html""><u>2007 뮤지컬 '댄싱 섀도우' 홈페이지 바로가기</u></a>]",http://www.sacticket.co.kr/webhome/upload/prog_11038_1.jpg,예술의전당,뮤지컬,http://www.sac.or.kr/program/schedule/view.jsp?seq=11038&s_date=20070708
뮤지컬 <바람의 나라>,"고구려 역사를 소재로 한 김진 원작의 만화를 뮤지컬로 제작한  <바람의 나라>가 5월 5일~25일, 예술의전당 토월극장에서 다시 선보인다. 

지난해 서울예술단에서 야심차게 준비한 이지나 연출의 뮤지컬 <바람의 나라>는 고구려의 시조 주몽의 손자인 고구려 제 3대 왕인 ‘무휼(대무신왕)’을 주인공으로 한 작품.				
만화적 상상력을 무대 위로 구현한 <바람의 나라>는 11개의 독립된 만화 컷들이 랜덤처럼 넘어가며 클래식, 락, 하우스, 힙합, 테크노 등 다채로운 장르의 음악에 이미지와 움직임이 중심이다. 여기에 감정을 배제한 듯 건조하게 시를 읽는 화법, 다중적 스토리, 중복 시제의 독특한 형식으로 작품화 되었다.

1막:70분 - 휴식시간:15분 - 2막:60분",http://www.sacticket.co.kr/webhome/upload/prog_11045_1.jpg,(재)서울예술단,뮤지컬,http://www.sac.or.kr/program/schedule/view.jsp?seq=11045&s_date=20070505
뮤지컬 `The Last 5 Years`,"[The Last 5 Years]는 남녀의 로맨스와 결혼을 소재로 한 뮤지컬이다. 제이미라는 유태인이며 젊은 소설가인 남자와 캐서린이라는 아이리시 천주교 집안의 여배우가 만나 사랑에 빠지고, 결혼 하고, 결국은 이혼하는 5년동안의 과정이 그대로 묘사된다. 제이미는 젊은 소설가로 점점 성공가도를 달리고 캐서린은 배우로서 성공하려 노력하지만 여러가지 이유들로 인해 점차 좌절하면서 겪는 두 사람의 갈등과 생활이 이야기의 중심이다. 거의 노래로만 이루어진 이 작품은 두 사람의 사랑이 문화적인 차이점과 서로의 다른 꿈의 차이를 극복하지 못하는 원인과 결과를 서정적으로 묘사하고 있다.

[<a href=""http://www.sac.or.kr/lab2003/last5years/"" target=""_blank""><u>뮤지컬 'The Last 5 Years' 홈페이지 바로가기</u></a>]",http://www.sacticket.co.kr/webhome/upload/ ,신시뮤지컬컴퍼니,뮤지컬,http://www.sac.or.kr/program/schedule/view.jsp?seq=7530&s_date=20030328
가족 뮤지컬 `정글 이야기`,"[<a href=""http://www.sac.or.kr/lab2003/jungle/"" target=""_blank""><u>가족 뮤지컬 '정글 이야기' 홈페이지 바로가기</u></a>]",http://www.sacticket.co.kr/webhome/upload/ ,극단미추,뮤지컬,http://www.sac.or.kr/program/schedule/view.jsp?seq=7535&s_date=20030614
창작뮤지컬 <한밤의 세레나데>,"뮤지컬 <한밤의 세레나데>는 
포크 송 드라마(Folk Song Drama)다.
음악만큼 자기 자신에게 위로가 되는 친구가 있을까? 
순대국집 다락방에서 인터넷 방송을 하는 CJ고구마 박지선은 음악으로 일상에 지친 사람들을 위로한다. 
70년대 가상의 히트곡을 포함해서 총 8곡이 만들어졌고, 작곡된 총 8곡의 노래는 모두 배우가 직접 기타를 연주하면서 부르는 포크송(Folk Song)이다.

뮤지컬 <한밤의 세레나데>는
엄마와 딸이 함께 부르는 사랑노래다.
세상의 모든 딸들에게 엄마는 어떤 존재일까? 기쁠 때나 슬플 때나 놀랐을 때 무의식적으로 튀어나오는 그 말, 엄마.
<한밤의 세레나데>는 세상 모든 엄마와 딸들을 위해 명랑씨어터 수박이 준비한 작은 선물이다. 우리 공연을 본 관객들이 공연장 밖을 나서면서 사랑하는 엄마에게 고백했으면 좋겠다. “엄마, 나 엄마 딸이어서 참 행복해요.” 라고.  

뮤지컬 <한밤의 세레나데>는 묻는다. 
너희가 삼땡을 아느냐? 
이 작품은 30세가 넘는 노처녀들의 즐거움에 대한 수다에서 시작되었다. 꽃보다 아름다운 여자 나이 20대를 지나 서른 즈음의 여자들이 가지는 내 멋대로 살 자유와 배짱부려도 좋을 만큼의 여유. 한밤의 세레나데는 33살 여자의 일상이 늦은 봄 여의도를 가득 채우며 활짝 핀 벚꽃처럼 아름다움을 노래한다.

[<a href=""http://www.sac.or.kr/bannerPage.jsp?htmlURL=/lab2007/hanbam/index.html""><u>'뮤지컬 ''한밤의 세레나데'' 앵콜공연' 홈페이지 바로가기</u></a>]",http://www.sacticket.co.kr/webhome/upload/prog_11054_1.jpg,명랑씨어터 수박,뮤지컬,http://www.sac.or.kr/program/schedule/view.jsp?seq=11054&s_date=20070306
뮤지컬 <천사의 발톱>,"사랑, 내 안의 야수를 부른다.
　
					대형 라이센스 뮤지컬과 로맨틱코미디물이 지배하는 뮤지컬 시장에 정통성으로 승부하겠다는 배짱있는 도전장을 내민 우리 뮤지컬 <천사의 발톱>.
<남자충동><젊은 베르테르의 슬픔>등으로 관객의 상상력 그 이상을 보여주는 우리시대 대표 작,연출가 조광화와 <지킬 앤 하이드><그리스><뮤직 인 마이 하트>의 음악으로 강렬한 인상을 남긴 원미솔 작곡가 등 대한민국 뮤지컬계를 이끄는 최고의 스탭들이 모인 우리 뮤지컬 <천사의 발톱>은 인간의 파괴적인 본성에 대한 고찰을 강렬한 무대 이미지와 사운드로 풀어낼 것입니다. 이제 당신의, 우리의 뮤지컬이 영원한 고전이 됩니다.

1부: 70분 - 휴식: 15분 -  2부: 60분",http://www.sacticket.co.kr/webhome/upload/prog_11308_1.jpg,(주)악어컴퍼니,뮤지컬,http://www.sac.or.kr/program/schedule/view.jsp?seq=11308&s_date=20070123
라이브 뮤지컬 <어린이 캣츠>,"[<a href=""http://www.sac.or.kr/bannerPage.jsp?htmlURL=/lab2007/child_cats/index.html""><u>'라이브 뮤지컬-어린이캣츠' 홈페이지 바로가기</u></a>]

					보름달이 뜨는 저녁, 한적한 공터에 흰 고양이 라리, 뚱보 댕글이, 겁쟁이 거비, 방랑이 아치, 할머니 올디까지 다섯 마리의 고양이들은 달님에게 소원을 빌기 위해 하나 둘 모여든다. 이 날은 고양이들에게 전설처럼 전해져 내려오는 날로 모든 소원이 이루어진다고 믿는 그런 날이다. 고양이들은 보름달이 뜨기 전에 돌아가면서 소원을 하나씩 말한다. 다른 고양이들의 도움으로 소원을 이룬다. 그런데 이때 이들을 골탕 먹이려고 호시탐탐 기회를 노리던 도둑 고양이 탐탐이 나타나는데…

▷ 친숙한 이야기 하나, 오즈의 마법사

각각의 콤플렉스를 가지고 있는 고양이들이 보름달에 소원을 빌던 중에 보름달의 힘이 아닌 친구들의 도움으로 자신들의 새로운 모습을 발견하는 이야기로, 오즈의 마법사의 스토리 라인으로 아이들에게 친숙하게 다가온다. 

▷ 친숙한 이야기 둘, 내 친구

거추장스러운 자신의 모습에서 벗어나고픈 흰 고양이 라리, 날씬한 몸매를 갖고 싶어하는 뚱보 고양이 댕글이, 용기를 가지고 싶은 겁쟁이 고양이 거비, 무지개 언덕을 찾아다니는 방랑 고양이 아치, 친구들을 괴롭히고 놀려먹지만 실은 친구들이랑 친하게 지내고 싶어하는 탐탐, 이들은 비록 고양이지만 아이들의 모습과 많이 닮아있다. 아이들은 자신과 닮은 캐릭터들을 보며 감정이입을 하기 쉬워지고, 극에 자연스럽게 몰입한다.

▷ 친숙한 이야기 셋, 고양이

강아지보다 새침하지만 귀엽고 애교 많은 고양이들만의 매력, 때문에 애완동물로 고양이를 기르는 집들도 많이 늘어났다. 사랑스러운 이 아이들을 어느 누가 좋아하지 않겠는가.",http://www.sacticket.co.kr/webhome/upload/prog_11562_1.jpg,(주) 씨에이치플레이,뮤지컬,http://www.sac.or.kr/program/schedule/view.jsp?seq=11562&s_date=20070727
고구려 뮤지컬 수천(守天),"고구려의 광개토대왕(호태왕)은 영토확장의 과정에서 말과 소금을 얻을 수 있는 서요하 대흥안령(大興安, 따싱안링)까지 진군한다. 호태왕의 호위무사인 장하독은 아내 수천과 함께 대왕의 명을 받고 그 땅에 남는다. 그들의 후손은 호태왕의 약속을 노래하며 삶을 이어간다. 

고려시대, 몽골이 대륙을 휩쓸 때, 장하독은 딸 수천을 몽골장수에게 빼앗기게 된다. 하지만, 수천이 안고 온 몽골의 피가 섞인 아기를 받아들이며 호태왕과의 약속을 되새긴다. 거란이 오면 거란과 살고 몽골이 오면 몽골과 살며 고구려의 흔적을 남기며 사는 것이 호태왕이 남긴 대륙의 정신임을... 

일제시대, 어머니 수천과 함께 살고있는 젊은 청년 장하독은 늘 대흥안령을 떠나고 싶어 안달이다. 어느날 일제의 토벌에 쫓긴 독립군 철진이 등장하면서 장하독은 만주로 가서 독립군이 되기로 결심한다. 그러나 철진을 쫓아온 일본인 특무에게 어머니 수천이 살해되고, 장하독은 천오백년의 세월을 견뎌온 고구려인의 정신, ‘대륙의 꿈’을 깨달으며 대흥안령에서 고구려인의 삶을 이어가기로 마음을 굳힌다.

극은 일제시대에서 시작되어 고구려, 고려 그리고 다시 일제시대, 고려로 시공간을 넘나들며 전개된다.",http://www.sacticket.co.kr/webhome/upload/ ,가극단 금강,뮤지컬,http://www.sac.or.kr/program/schedule/view.jsp?seq=8099&s_date=20030523
뮤지컬 `그리스`,"*25년동안 멈추지 않는 인기 
짐 제이콥스가 대본을 쓰고 워렌 캐시가 작곡을 담당한 뮤지컬 Grease는 1972년 브로드웨이 초연 이후 80년까지 3천3백88번 회를 기록하며 세계적으로 알려졌다. 이 여세를 몰아 <헤어> <지저스 크라이스트 수퍼스타>를 제작한 명 프로듀서 로버트 스틱우드가 1978년에 영화화하면서 다시 한번 화제의 중심에 서게 된다. 영화 개봉 이후, 전 세계적으로 최고의 인기를 누린 ‘그리스’는 이후 1994년부터 1998년 1월까지 업그레이드 된 모습으로 리바이벌 공연을 가졌으며, 현재에도 미국 전역과 런던에서 성황리에 공연 중이다. 

*최고 흥행 기록을 세운 뮤지컬 영화 
영화 그리스는 1950년대 미국 고교생들의 의식구조를 소재로 한 작품으로 미끈한 몸매에 날렵한 몸동작을 해보이던 존 트라볼타와 얼굴 예쁘고 노래도 잘 부르던 올리비아 뉴튼존이 혼란스런 젊음을 대변, 큰 인기를 얻었다. ‘그리스’는 당시 뮤지컬 영화로는 최고 수준인 3억 4천만 달러(한화 약 4,235억) 이상의 총수익을 올렸고 91년부터 96년까지 TNT와 TBS를 통해 32번이나 방송됐다. 영화 상영 20주년이었던 1998년에는 미국 2천 개 극장에서 재개봉되어 변함 없는 인기를 입증한 바 있다. 영화의 인기는 비디오 테이프 출시 후에도 이어졌다. 80년 대여용 비디오 테이프로 출시돼 9천 6백만 달러를 벌어들였고, 83년 나온 판매용은 1천 1백만 개가 팔렸다. 그리고 지금도 비디오 판매 순위 10위 권을 벗어나지 않을 정도로 꾸준한 사랑을 받고 있다.

*2천 만장 이상의 음반판매, 244주 연속 탑5 기록
열정을 폭발하는 록의 리듬과 비트에 실어 격렬한 율동으로 표현하고, 순수한 사랑은 감미로운 발라드로 녹아들게 하는 것이 바로 ‘그리스’ 음악이다. 영화 ‘그리스’의 사운드트랙은 77주 동안(12주 동안 1위) 빌보드 팝 앨범 차트에 올랐고, 정식앨범은 8백만 장, 복사판은 2천만 장이 팔리는 기염을 토했다. 특히 이 작품에서 존 트라볼타와 올리비아 뉴튼존의 듀엣곡인 ‘You’re The One That I Want’를 비롯 ‘Summer Nights’까지 빌보드차트 상위에 랭크되면서 음반 또한 성공을 이루어 냈다.

*국내 팬들에게도 친숙한 경쾌한 로큰롤 리듬
우리나라에서도 ‘그리스’의 음악은 CF나 방송 삽입곡으로 인기를 누리고 있다. 고소영, 정우성이 몸에 붙는 청바지를 입고 양쪽으로 나뉘어 뮤지컬 ‘그리스’의 한 장면을 연출했던 CF는 사람들의 뇌리에 깊은 인상을 심어 주었다. 그 뒤에 흐르던 ‘Tell me more, Tell me more~’라는 가사가 들리는 경쾌한 로큰롤 멜로디의 ‘Summer night’은 이후 국내 팬들의 사랑을 듬뿍 받았고 각종 방송 프로그램의 시그널 음악으로도 자주 사용되었다. 이미 국내에서도 ‘그리스’는 누구나 한번쯤 들어봤을 정도로 익숙한 이름이 되었다. 이미 우리에게 친숙해져 있는 ‘그리스’의 음악은 많은 사람들의 관심과 추억을 다시금 상기시키기에 충분한 역할을 할 것이다. 

*정식 라이센스 계약 맺은 첫무대, 높은 완성도 기대
국내 공연은 94년 ‘그리스 로큰롤’이라는 이름으로 공연된 적 있고, 98년 다시 무대에 올려지면서 뮤지컬계 최고의 스타들이 거쳐간 이 작품은, 뮤지컬 배우들이 가장 하고 싶은 공연으로 손꼽힌다. 2003년 다시 한 번 한국 관객들을 찾는 뮤지컬 ‘그리스’는 이전과 달리 정식 라이센스 계약을 통해 모든 자료와 노하우를 받아 제작되는 첫 번째 공연으로, 보다 완성도 높은 공연으로 국내 관객을 찾을 예정이다. ‘록키호러쇼’, ‘버자이너 모놀로그’, ‘ART’ 등 주목받는 작품을 대거 탄생시킨 연출자 이지나의 합세도 더욱 작품에 대한 기대감을 높인다. 배우 각자의 개성을 발휘하게 하는 능력이 뛰어나고, 허를 찌르는 캐스팅과 젊은 감각으로 작품의 재미를 배가시켜 줄 것이다. 1, 2차 공개 오디션과 일주일간의 비공개 오디션을 통해 김소현, 문정희, 정영주, 홍록기, 박재훈, 고영빈, 오만석 등 최고의 뮤지컬 배우들이 ‘그리스’를 위해 뭉쳤다. 누가 주인공이랄 것 없이 모든 출연진의 개성과 매력을 살리는데 주안점을 두겠다고 밝혔다. 시대 배경에는 충실하되 고등학생의 호기심은 현재의 정서에 맞추고, 시대적인 상황에 의해 삭제되었던 대사와 장면들이 되살아나 모든 이들이 공감하고 즐길 수 있는 작품을 만들겠다고 덧붙였다. 

*뮤지컬 Grease를 기다린 이유!!!
폭발적인 록 리듬과 자신들의 일상을 그린 이 작품을 통해 10,20대들은 정서적인 공감과 열정을 확인하게 될 것이고, 70년대 로큰롤 향수를 가지고 있는 40대 이후의 중년층은 잃어버린 추억을 되살리는 계기가 될 것이다. 그리고 탄탄한 스토리와 귀에 익은 음악, 젊고 다이나믹한 무대와 개성있는 연출로 뮤지컬 매니아 계층을 확보하며 새로운 뮤지컬 붐 업을 선도할 것으로 기대된다.",http://www.sacticket.co.kr/webhome/upload/ ,Musical Company OD,뮤지컬,http://www.sac.or.kr/program/schedule/view.jsp?seq=8113&s_date=20030607
남아공 정통 흑인 뮤지컬 `우모자`,"[<a href=""http://www.sac.or.kr/lab2003/umoja/info.htm"" target=""_blank""><u> 남아공 정통 흑인 뮤지컬 '우모자' 홈페이지 바로가기</u></a>]",http://www.sacticket.co.kr/webhome/upload/ ,서울예술기획,뮤지컬,http://www.sac.or.kr/program/schedule/view.jsp?seq=8125&s_date=20030826
어린이 뮤지컬 `쎄사미 스트리트 라이브` 오리지날팀 내한공연,"[<a href=""http://www.sac.or.kr/lab2003/sesamestreet/SESAME.HTM"" target=""_blank""><u>'영어 뮤지컬 ""쎄사미 스트리트 라이브""' 홈페이지 바로가기</u></a>]

					<font color=""#CC0000"">* 만 4세이상 입장가</font>",http://www.sacticket.co.kr/webhome/upload/ ,"젠 홀딩스, 피닉스 엔터테인먼트 코리아",뮤지컬,http://www.sac.or.kr/program/schedule/view.jsp?seq=8144&s_date=20030815
뮤지컬 `맘마미아!`,"[<a href=""http://www.mamma-mia.co.kr/"" target=""_blank""><u>뮤지컬 '맘마미아!' 홈페이지 바로가기</u></a>]",http://www.sacticket.co.kr/webhome/upload/ ,예술의전당/신시/에이콤,뮤지컬,http://www.sac.or.kr/program/schedule/view.jsp?seq=8279&s_date=20040125
뮤지컬 `라디오 스타`,"1월 25일 19:00 (preview는 티켓오픈하지 않습니다.) 		
[구정연휴 공연안내]
2월 6일(수) 15:00 / 2월 7일(목) 15:00 / 2월 8일(금) 15:00, 19:30
2월 14일(목) 15:00, 19:30

[<a href=""http://www.sac.or.kr/bannerPage.jsp?htmlURL=/lab2007/radiostar/index.html""><u>뮤지컬 '라디오 스타' 홈페이지 바로가기</u></a>]",http://www.sacticket.co.kr/webhome/upload/ ,(주) 쇼플레이,뮤지컬,http://www.sac.or.kr/program/schedule/view.jsp?seq=12186&s_date=20080125
박정자의 뮤지컬 <19 그리고 80>,"[<a href=""http://www.sac.or.kr/bannerPage.jsp?htmlURL=/lab2008/19_80/index.html""><u>박정자의 뮤지컬 '19 그리고 80' 홈페이지 바로가기</u></a>]

					* 단, 3월 1일 15:00, 19:30",http://www.sacticket.co.kr/webhome/upload/prog_12192_1.jpg,신시뮤지컬컴퍼니,뮤지컬,http://www.sac.or.kr/program/schedule/view.jsp?seq=12192&s_date=20080119
뮤지컬 The VICTIM-희생물,"뮤지컬 “THE VICTIM”, 절망 - 희망 - 절망, 인간의 선택. 
삶에 대한 절망이 없이는 삶에 대한 사랑도 있을 수 없으며, 죽음은 부조리를 자각하게 만드는 또 하나의 현실이라고 누가 말했다. 가난은 말없는 죽음을 맞이할 준비는 갖추고 있지만 정의는 인간의 피를 대가로 치르고 사지 않으면 안된다.
요절한 천재작가 루퍼트 부르크의 명작 ‘리투아니아’를 원작으로 하는 뮤지컬 
“THE VICTIM” 고전의 향기로 되살아난다.


한때는 아름다웠을 세상.
하늘은 찌푸려있고, 땅은 점점 황폐화되고, 사람들의 감정은 메말라 간다. 
피곤과 궁핍에 찌들어 서로 대화조차 없는 어느 가족의 집에, 
하루는 숲에서 길을 잃은 손님이 찾아온다. 
그는 삭막한 가족들을 다정하게 대해주는 한편, 자신이 가진 돈과 재산을 자랑한다.
딸은 손님의 등장이 그들의 삶에‘희망’의‘기회’임을 안다.
지긋지긋한 가난과 현실에서 탈출할 수 있는 유일한 희망이 돈이라 생각한 딸은 
손님을 죽이고 그가 가진 돈으로 새로운 삶을 얻자고 아버지와 어머니를 설득한다. 
아버지가 차마 손님을 죽이지 못해 용기를 얻으려 술을 마시러 나간 사이, 
초조해하던 딸과 어머니는 그를 죽이게 되고 
잠시 후.. 술집주인과 그 아들이 술취한 아버지를 부축해서 돌아오는데 ... 
사실은 그 손님이 20년 전에 집을 나간 아들이었다는 것... 
살인만이 최선의 선택이었을까?",http://www.sacticket.co.kr/webhome/upload/prog_12208_1.jpg,극단 외치는 소리,뮤지컬,http://www.sac.or.kr/program/schedule/view.jsp?seq=12208&s_date=20071005
연극 `여우야 뭐하니..? 동산에 꽃피면 나하고 놀자`,"창작동요, 구전동요와   우리 전통악기 소리의 아름다운 어우러짐속에   관객의 감동은 한층 더 깊어집니다.
 “ 여우야 뭐하니 ? 동산에 꽃피면 나하고 놀자 “ 는 여러가지 다양한 시도와 무대연출로 국내 아동뮤지컬의 수준을 한단계 끌어올린 수준작입니다. 금새 귀에 친숙해지는 우리의 정서가 담긴 창작동요와 구전동요들이 극의 재미와 흥겨움을 더하게되고, 평상시 쉽게 접하지 못했던  대금, 해금, 거문고, 징, 장고 등의  전통악기들의 100% LIVE  연주는 아이, 어른모두에게  새로운 소리의 즐거움을 선사하며 공연의 감동을 한층 더 깊게 해 줄것입니다.
  
고목나무, 달, 여우의 꽃동산….
색다른 재미와 아름다운 동화속  세계로의 초대.
 잘 삐지지만 항상 넉넉한 품을 가진  “고목나무 할머니”,
시시때때로 모습을 바꾸는 장난꾸러기 “달” ..
여우의 친구로 조언을 아끼지 않는 이 친구들의 모습을 익살스럽고 신기한 미디어와 에니매이션으로 표현하여, 관객들로하여금  색다른 재미를 느끼게 합니다. 돌멩이하나도 정겹게 느껴지는 동산과  실감나게 표현된 징검다리.. 무대전체는 추억속에 남아있는, 혹은 동화속에 그려지는 예쁜 그림같은 놀이터가 됩니다. 특히 마지막10분  여우의 꽃동산과 하늘에서 내리는 꽃비는 가슴뭉클한 이야기의 감동을 몇배 더하여주는 환상적인 아름다움을 선사합니다.

‘무궁화 꽃이 피었습니다..’
“ 여우야..” 만의 특별 이벤트-30분 전에 오세요!
 매공연 30분전 배우들이 관객들과 함께 직접 골목놀이를 즐기는 특별한 시간이 마련됩니다. 
지금은 잊혀져가는 놀이들이지만 , 어느새 어른 아이 할것없이  같이 웃고 즐기게되는 “여우야..” 만의 로비행사는 이미 많은 관객들에게 잊지못할 즐거움과 추억의 시간을 선물 하였습니다. 공연장 밖에서의 놀이는 그대로 무대위로 옮겨지고, 관객들은 모두 주인공이 되어 여우와 함께 신명나게 뛰어노는 꿈을 꾸게 됩니다.",http://www.sacticket.co.kr/webhome/upload/ ,성씨어터라인 (주관 : 황금겨자씨),뮤지컬,http://www.sac.or.kr/program/schedule/view.jsp?seq=8295&s_date=20040206
뮤지컬 `Go-Go Beach`,":: 1막
1966년 여름 남부 캘리포니아의 해변가 마을인 고고비치, 제이제이, 불여우, 베이비, 하니 등 소녀들은 ‘팝틴 매거진’을 읽으며 흥분의 도가니다. 잡지에 의하면 바로 내일, 바로 이곳에서 댄스콘테스트와 서핑콘테스트가 열릴 예정인데 1등을 하면 최고의 10대 영화배우이자 가수인 ‘민디 친칠라’가 중연할 영화인 ‘고고비치’에 출연할 기회와 할리우드에서의 1주일이 보장되기 때문이다. 그런데 갑자기 민디친칠라가 종적을 감추고 이 기회를 통해 영화계로 진출할 꿈을 꾸는 제이제이는 콘테스트가 무산될까 걱정이 태산이다.

한때 이 지역 최고의 서퍼로 전설적인 존재였던 불독이 갑자기 돌아와 친구들이 반기지만 우디는 냉담하다.  가장 친한 친구였던 그녀가 어느 날 말도 없이 사라진 것이 섭섭했던 것이다.  영화출연을 위한 콘테스트 얘기를 들은 불독은 세트의 파도그림 앞에서 서핑하는 거짓놀음에 놀아나고 싶냐고 묻는다.  그러나 우디는 그말에 상처를 입지만 여자친구 제이제이가 원하고 자신도 나쁘지 않다고 생각한다.

한편, 한 아름다운 소녀가 나타난다.  그녀는 바로 변장을 한 민디 친칠리.  그녀가 누군지 알지 못한 채로 우디는 민디와 친구가 된다.  민디는 영화계의 현실과 포장된 스타로서의 삶에 몸과 마음이 지친 나머지 도망친 상태.  민디는 순수하고 건강한 우디에게 끌리고 우디 또한 민디에게 마음이 간다.  둘이 키스하는 모습을 본 제이제이는 불같이 화를 내며 우디의 마음을 돌릴 기회를 모색하는데 발명가인 아이스타인이 마침 자기가 사랑의 묘약을 발견했다고 한다.  제이제이는 우디에게 먹일 사랑의 묘약을 탄 펀치를 만드는데 어쩌다보니 우디를 제외한 다른 친구들만 집단적으로 마시게 된다.  약은 알고보니 초강력 발정제.

:: 2막
다음 날, 댄스콘테스트에서는 제이제이가 1등을 하고, 서핑콘테스트가 열린다.  제작자는 잘생기고 잘빠진 우디를 찍어두었다.  그런데 우디에게 엄청난 파도가 다가오고 엉뚱하게 아인스타인이 1등을 한다.  정신을 잃은 우디는 환상 속에서 자신이 원하는 것은 영화스타가 아니라 서퍼라는 것을 깨닫는다.  제작자는 우디에게 출연제의를 하지만 우디는 거절한다.  민디는 우디에게 자신과 함께 할리우드로 가기를 제안하지만 우디는 서핑을 선택한다.  그리고 불독을 환영하는 불독의 생일 파티 날,  놀랍게도 민디가 사랑을 찾아 고고비치로 돌아온다.",http://www.sacticket.co.kr/webhome/upload/ ,오디뮤지컬컴퍼니,뮤지컬,http://www.sac.or.kr/program/schedule/view.jsp?seq=8298&s_date=20040304
뮤지컬 <씨왓아이워너씨>,"[<a href=""http://www.sac.or.kr/bannerPage.jsp?htmlURL=/lab2008/08_wannasee/index.html""><u>뮤지컬 ""SEE WHAT I WANNA SEE"" 홈페이지 바로가기</u></a>]

					하나의 작품 안에 세 가지 이야기
하나의 사건 안에 서로 다른 진실
보고 듣는 것에 따라 진실은 재조명된다. 

“진실은 존재하는가?”라는 철학적 문제 제기

뮤지컬 <씨왓아이워너씨>는 하나의 작품 안에 세 가지 이야기를 동시에 담아내는 독특한 형식의 뮤지컬이다. 뮤지컬 <씨왓아이워너씨>는 일본의 소설가 ‘아쿠타가와 류노스케’의 단편 소설 『덤불 속에서』와 『용』,『케사와 모리토』을 토대로 각색한 뮤지컬이다. 1900년대 일본 작가의 단편 소설은 2000년대 뉴욕 센트럴 파크를 배경으로 현대적으로 재해석되어 “절대적 진실”에 대한 철학적 주제의식을 담아낸다. 뮤지컬 <씨왓아이워너씨>는 뉴욕 센트럴 파크에서 일어난 ‘살인사건(1막)’과 ‘신의 기적에 대한 계시(2막)’라는 객관적 사건을 각 인물의 주관적 시점을 중심으로 전개한다. 그리고 그들이 말하는 서로 다른 “진실”을 통해 “과연 진실은 존재하는가?”에 대한 의문을 제기한다.

See What I Wanna See! 당신이 원하는 것을 보고 체험할 수 있는 특별한 무대!

뮤지컬 <씨왓아이워너씨>는 한 사건을 바라보는 여러 인물의 다양한 해석, 상반된 진실을 보다 효과적으로 보여주기 위해 특별한 무대를 선 보인다. 극장 정가운데 무대를 두고 무대의 사면을 모두 객석으로 이용하는 ‘사면무대’가 바로 그것이다. 사방이 개방되어 정면과 후면을 따로 구분하지 않는 이 무대는 객석 위치에 의해 달라지는 구도에 따라 각기 다른 느낌을 제공함으로써 공연의 제목인 <See What I Wanna See>(내가 원하는 것만 본다)를 직접 경험하게 한다. 또한 배경은 무대 바닥과 사면을 사용한 영상기법으로 처리해 시공간의 변화를 보다 입체적으로 현실감 있게 표현할 예정이다.",http://www.sacticket.co.kr/webhome/upload/ ,뮤지컬 헤븐,뮤지컬,http://www.sac.or.kr/program/schedule/view.jsp?seq=12273&s_date=20080715
뮤지컬과 함께,"뮤지컬 AIDA, 지킬 앤 하이드, Fame, 오페라의 유령, 갬블러, 렌트 등",http://www.sacticket.co.kr/webhome/upload/ ,예술의전당,뮤지컬,http://www.sac.or.kr/program/schedule/view.jsp?seq=13014&s_date=20080809
예술의전당 H-art 야외공연,"8월 16일(토)  오페라의 유령
8월 17일(일)  그리스",http://www.sacticket.co.kr/webhome/upload/ ,예술의전당,뮤지컬,http://www.sac.or.kr/program/schedule/view.jsp?seq=13015&s_date=20080816
뮤지컬 크리스마스캐롤,"[<a href=""http://www.sac.or.kr/bannerPage.jsp?htmlURL=/lab2008/08_christmas_ca/index.html""><u>뮤지컬 크리스마스캐롤' 홈페이지 바로가기</u></a>]

					1막 : 크리스마스 이브날, 런던 거리의 사람들은 행복에 들떠서 크리스마스의 기쁨을 만끽한다. 인색한 고리대금업자인 스크루지가 나타나서 사람들에게 돈을 갚으라고 윽박지르고, 성금을 부탁하는 구세군들을 쫓아버린다. 스크루지 상점의 점원 ‘봅’은 추위에 떨며 난로에 석탄을 넣으려 하다가, 스크루지에게 혼만 난다. 스크루지의 조카 프레드는 크리스마스의 기쁨을 이야기하며 스크루지를 저녁 식사에 초대하지만, 스크루지는 크리스마스를 비난하며 초대를 거절한다. 모두가 돌아간 뒤 혼자 남은 스크루지에게 7년 전에 죽은 동료 말리의 유령이 찾아온다. 말리는 지금까지의 인색한 삶의 방식을 바꾸지 않는다면, 죽은 후에 자신처럼 쇠사슬을 몸에 감고 비참하게 떠도는 신세가 될 거라고 경고하고 과거, 현재, 미래의 크리스마스 유령이 차례로 나타날 것이라고 말한다. 이윽고 그들과 함께 시간 여행을 시작하는데... 과거의 유령은 어린시절의 기억으로 데려다주고, 누나 팬과 사랑했던 여인 ‘벨’을 만나게 해준다. 스크루지는 자신의 탐욕 때문에 ‘벨’을 떠나보낸 사실에 괴로워하다가 현재의 유령의 의해 새로운 곳을 방문한다.

2막 : ‘봅’의 집을 방문한 스크루지는 그곳에서 가난하지만 서로 사랑하는 가족들과 몸은 불구지만 맑은 영혼을 지닌 ‘팀’을 보게 된다. 그리고 크리스마스를 즐겁게 보내는 조카 프레드의 집에서 자신이 잃어버린 행복을 깨닫는다. 마지막으로 미래의 유령을 만난 스쿠루지는 자신의 비참한 죽음을 보고 충격을 받는다. 
비명을 지르다가 잠에서 깬 스크루지.. 자신에게 아직 기회가 남아있음을 감사하고, 새로운 인생을 시작한다..",http://www.sacticket.co.kr/webhome/upload/prog_13386_1.jpg,서울예술단,뮤지컬,http://www.sac.or.kr/program/schedule/view.jsp?seq=13386&s_date=20081220
뮤지컬 - `젊은 베르테르의 슬픔`,"원작 '젊은 베르테르의 슬픔'의 주제는 우정, 사랑, 가정 등 여러 가지를 망라한다. 그러나 뮤지컬 <젊은 베르테르의 슬픔>은 당대의 시민 윤리 속에서 그리고 이성을 강조하던 계몽주의가 팽배한 사회 속에서 주인공 베르테르가 겪어야 하는 사랑의 고뇌와 아픔에 대해 초점을 맞추었다. 1774년 괴테를 일약 세계적인 명사로 만드는데 주도적인 역할을 감당했던 이 작품은 괴테가 베츨라에서 친구의 약혼녀 샤롤 롯데를 사랑한 그 고뇌를 유부녀를 사랑하다 권총 자살한 친구 ""예루살렘의 사건""에서 힌트를 얻어 쓴 자유분방한 태도를 잘 반영한 일기체 소설이다.

베르테르의 소설 중에 전반과 후반부의 대립되는 베르테르의 심리 묘사가 탁월하다. 전반부의 베르테르의 독백은 봄을 느낄 줄 알고 삼라만상을 예찬하는 사람이나 후반부의 베르테르는 삶의 절망에 빠져 매우 부정적인 사고를 보여준다. 영혼의 구석구석까지 쓰리고 아픈 사랑으로 점령을 당해버린 한 남자의 고뇌를 차고 넘치도록 볼 수 있다. 

뮤지컬 <젊은 베르테르의 슬픔>은 소설의 언어들을 무대의 대사로 바꾸는 힘들지만 즐거운 작업을 거쳐 37곡의 노래로 만들어졌다. 아름다운 음악적 대사와 함께 세밀한 복선과 탁월한 배우들의 기량이 더해져서 본래 작품의 지위 위에 극적 요소가 결합된 수작으로 평가 받는다.",http://www.sacticket.co.kr/webhome/upload/ ,극단 갖가지 (문의 M.I.P 02-3143-7241),뮤지컬,http://www.sac.or.kr/program/schedule/view.jsp?seq=8440&s_date=20031128
뮤지컬 `행진! 와이키키 브라더스`,"[<a href=""http://www.sac.or.kr/bannerPage.jsp?htmlURL=/lab2004/waikiki/""><u>뮤지컬 '행진! 와이키키브라더스' 홈페이지 바로가기</u></a>]",http://www.sacticket.co.kr/webhome/upload/ ,"서울뮤지컬컴퍼니, KBS",뮤지컬,http://www.sac.or.kr/program/schedule/view.jsp?seq=8561&s_date=20040703
한국서도소리 보존연구회 `Good & 굿` - 내 사랑 배뱅이,"중요무형문화재 제 29호로 지정된 이은관 명창의 '배뱅이 굿'은 서도소리로 구성된 1인 창극입니다. 뮤지컬 ""내 사랑 배뱅이""는 1인이 연행하는 예술적 한계를 극복하고자 등장인물들간의 성격과 갈등구조를 명확히 설정하여 연극적 재미를 강화함과 동시에 고전과 현대가 역동적으로 교감하도록 재구성 하였습니다.
 우리는 중요한 극적 줄기인 '배뱅이와 상좌중의 사랑', '건달과 주모의 유쾌한 사기', '배뱅이의 죽음과 부모의  슬픔'을 통해, 인생은 '공수래 공수거'라는 허무한 메시지 앞에 잠시 멈추게 되지만, 오히려 ""비어야 가득찰 수 있다""는 꿈과 희망에의 의지를 엿볼 수 있습니다.

< 줄거리 >
 옛날 평양에 사는 한 건달이 부모님께 물려받은 재산을 기생집에서 모두 탕진하고 강산유람을 다니다 우연히 배뱅이가 죽어 굿을 하고 있는 서울장안의 주막집에 당도하게 된다.

한편, 서울 장안에 이정승, 김정승, 최정승이 재산은 많으나 슬하에 자녀가 없어 명산대찰을 찾아가서 정성을 드려 결국 집집마다 딸자식을 하나씩 얻게 된다. 세월이, 네월이는 시집을 가서 아들 딸 낳고 잘 사는데 배뱅이는 늦게까지 시집을 가지 못하고 있다가 어느날 강원도 마곡사의 상좌중을 만나 사랑에 빠지게 된다. 그러나 상좌중과 이별한 배뱅이는 상사병으로 끝내는 죽게 되고, 애지중지하던 외동딸을 잃은 배뱅이의 부모는 슬픔을 달래보고자 '진오귀 굿'을 벌이게 된다.

강산유람을 다니던 평양건달은 주모에게 배뱅이의 죽음에 대한 자세한 내막을 듣고 급기야 '엉터리 굿'이라는 근사한 사기극을 벌여 일확횡재를 하게 된다.

< 등장인물 >
  1. 배뱅이 - 최정승이 부인과 함께 명산대찰을 찾아다니며 지독한 정성을 드린 덕으로 얻게된 아리따운 처녀. 극중에서 살사, 힙합, 탱고를 추며 자신의 속마음을 과감하게 표출하는 도발적 성격의 소유자이지만, 상좌중과의 신분을 초월한 사랑을 나누다 애닳게 죽어간다.

  2. 상좌중 - 근본은 알 수 없으나 '회심곡' 하나로 배뱅이의 심금을 울린 이 시대 최고의 바람둥이. 강원도 마곡사의 상좌로서 주지스님과 마을에 시주를 하러 내려왔다가 배뱅이를 만나 사랑을 나누게 된다. 하지만 진정한 바람둥이에게 정착이란 있을 수 없는 법! 어느날 홀연히 배뱅이를 떠난다.

  3. 평양건달 - 본시 사대부집안의 글방도령이었으나 과거공부엔 뜻이 없고 멋과 낭만을 즐기는 풍류객. 오늘도 강산유람을 떠나 노래 한 자락 시 한수에 의탁할 곳을 ?다가 주막집 주모를 만나 배뱅이의 죽은 내력을 알게 된다. 멋과 낭만의 풍류는 통쾌한 해학과 번뜩이는 기지로 돌변하여 급기야 최정승 내외의 가산을 한손에 움켜쥐게...

  4. 주모 - 소시적부터 단련된 음주가무의 실력으로 조선팔도의 주말집업게를 평정하고 서울 한복판에 주막집을 개업한 저잣거리의 대모이자 왕언니. 사회적 천대와 멸시를 온모으로 겪어 온 터라 상술에 민감하지만 정의감 또한 남다르다. 배뱅이의 죽음을 둘러싼 주모의 계락은 평양건달을 만나면서부터 확실한 사업으로 번창한다.",http://www.sacticket.co.kr/webhome/upload/ ,한국서도소리 보존연구회 (주관 : 푸른하늘에),뮤지컬,http://www.sac.or.kr/program/schedule/view.jsp?seq=8809&s_date=20040324
뮤지컬 `로미오와 줄리엣`,"[<a href=""http://www.sac.or.kr/bannerPage.jsp?htmlURL=/lab2009/romeonjuliette/index.html""><u>뮤지컬 '로미오와 줄리엣' 홈페이지 바로가기</u></a>]

					<시놉시스>

아름다운 도시 베로나! 하지만 몬테규와 캐퓰렛 두 원수 집안의 갈등으로 베로나는 언제나 어수선하다. 
몬테규가의 아들 로미오.  진실한 사랑을 찾고 있는 순수한 로맨티스트.  캐퓰렛가의 딸 줄리엣, 그녀는 사랑할 오직 한 남자만을 꿈꾸며 기다린다. 하지만 줄리엣 아버지 캐퓰렛은 줄리엣이, 거만하지만 재력가인 영주의 조카 파리스 백작과 결혼하길 바란다. 그러던 어느 날 캐퓰렛은 그의 딸 줄리엣이 파리스 백작을 만날 수 있도록 가면무도회를 준비한다. 로미오와 그의 사촌 벤볼리오, 그리고 친구 머큐시오는 초대받지 않은 캐퓰렛가 무도회에 몰래 참석을 하고, 그곳에서 로미오와 줄리엣은 첫 눈에 반하게 된다. 그들을 둘러싼 모든 반대에도 불구하고 로미오와 줄리엣 두 연인은 사랑을 지키기로 결심한다.  로미오는 친구이자 조언가인 로렌스 신부를 찾아가고, 비밀리에 진행된 결혼식으로 잠시나마 사랑이 승리한 듯 보인다.  어느새 베로나에는 집안간의 원수인 로미오와 줄리엣의 사랑에 대한 소문이 자자하다. 오랫동안 줄리엣을 연모해온 줄리엣의 사촌 티볼트는 로미오에게 결투를 신청하게 되고 이 과정에서 로미오의 친구 머큐시오가 티볼트의 칼에 죽게 된다. 죄책감과 분노를 이기지 못한 로미오는 결국 그 자리에서 칼을 뽑아 티볼트를 죽이고 만다. 격분한 영주는 로미오를 만투아로 추방하고, 로미오와 줄리엣은 신혼 첫 날 밤이자 마지막 밤을 함께 보낸다.  줄리엣의 아버지 캐퓰렛은 줄리엣을 파리스 백작과 다음 날 결혼시키기로 결정한다. 이 사실을 전해들은 줄리엣은 로렌스 신부에게 달려간다. 신부는 줄리엣에게, 자는 동안 몸이 싸늘해지는 가짜 독약을 건네고, 로미오에게는 이 사실을 알리는 서신을 전달하려 한다. 하지만 결국 로미오가 이 서신을 받지 못한 가운데 줄리엣의 죽음에 대한 소식은 빠르게 퍼진다. 줄리엣의 죽음에 크게 절망한 로미오는 줄리엣의 시신 옆에서 독약을 마시고 그녀의 뒤를 따른다. 잠에서 깨어난 줄리엣은 로미오의 죽음을 발견하고 비통해 하다가 로미오의 칼을 꺼내 자결한다.  로미오가 서신을 받지 못했음을 알고 달려 온 로렌스 신부는 두 연인의 시체를 발견하고 신을 원망한다. 
몬테규와 캐퓰렛 두 집안은 로미오와 줄리엣 두 연인의 죽음을 자신들이 초래했음을 깨닫고 죄를 뉘우치며…",http://www.sacticket.co.kr/webhome/upload/prog_13405_1.jpg,"㈜마스트엔터테인먼트,㈜에스국엔터테인먼트",뮤지컬,http://www.sac.or.kr/program/schedule/view.jsp?seq=13405&s_date=20090704
